"(0.6038082745422201, 0.8460019575811809, 0.14362643980943368, 0.4196996410371844)",1.0
"(1.0472147684490123, 0.03768284875091993, 0.04243074045472189, 0.28949510859272826)",1.0
"(0.7963214968864213, 0.8542793622012456, 0.5755626748037769, 0.9441572943653448)",1.0
"(0.17841000004272448, 0.3257016256704651, 0.3193582190732169, 1.1830212968718425)",1.0
"(0.9074979890688186, 0.38350551710489167, 0.23506724884967023, 0.01872355951741378)",1.0
"(0.15074125507481384, 0.03314191040892511, 0.3654746110939109, 0.1985141768329839)",1.0
"(0.25792626066335855, 0.3038580571758043, 0.4251429803830503, 0.21979362052944373)",1.0
"(0.48240428151017345, 0.283015974303109, 0.009428541741350216, 0.9327781420132364)",1.0
"(0.4777733316425492, 0.8773071283577221, 0.978098469510948, 0.4029867658144002)",1.0
"(0.804608209667209, 0.6543450745718736, 0.006684245664762001, 0.1545972660330489)",1.0
"(0.4535751, 0.08, 0.48750000000000004, 0.37142857142857144)",0.0
"(0.4535751, 0.0063999999999999994, 0.07921875, -0.11673469387755102)",0.0
"(0.93923611, 0.0, 0.40625, 0.18571428571428572)",0.5
"(0.4535751, 0.0005119999999999999, 0.012873046875, -0.20739358600583094)",0.0
"(0.93923611, 0.0, 0.06601562500000001, -0.15122448979591838)",0.5
"(0.4535751, 4.0959999999999994e-05, 0.0020918701171875, -0.2242302374010829)",0.0
"(0.93923611, 0.0, 0.010727539062500001, -0.21379883381924197)",1.0
"(0.15200617, 0.08, 0.0, 0.37142857142857144)",0.0
"(0.4535751, 3.2767999999999993e-06, 0.0003399288940429688, -0.22735704408877255)",0.0
"(0.93923611, 0.0, 0.0017432250976562502, -0.22541978342357352)",1.0
"(0.15200617, 0.0063999999999999994, 0.0, -0.11673469387755102)",0.0
"(0.4535751, 2.6214399999999994e-07, 5.523844528198243e-05, -0.22793773675934348)",0.0
"(0.93923611, 0.0, 0.0002832740783691407, -0.22757795977866369)",0.5
"(0.15200617, 0.0005119999999999999, 0.0, -0.20739358600583094)",0.0
"(0.9879401, 0.08, 0.325, 0.18571428571428572)",0.5
"(0.93923611, 0.0, 4.6032037734985366e-05, -0.2279787639588947)",1.0
"(0.15200617, 4.0959999999999994e-05, 0.0, -0.2242302374010829)",0.0
"(0.4535751, 0.0, 0.48750000000000004, 0.37142857142857144)",0.0
"(0.4535751, 0.5599999999999999, 0.0, 0.37142857142857144)",0.0
"(0.4535751, 0.08, 0.0, 0.37142857142857144)",0.0
"(0.4535751, 0.0, 0.07921875, -0.11673469387755102)",0.0
"(0.4535751, 0.04479999999999999, 0.0, -0.11673469387755102)",0.0
"(0.4535751, 0.0063999999999999994, 0.0, -0.11673469387755102)",0.0
"(0.83796296, 0.0, 0.1625, 0.0)",0.5
"(0.4535751, 0.0, 0.012873046875, -0.20739358600583094)",0.0
"(0.4535751, 0.003583999999999999, 0.0, -0.20739358600583094)",0.0
"(0.4535751, 0.0005119999999999999, 0.0, -0.20739358600583094)",0.0
"(0.83796296, 0.0, 0.5416666666666667, 0.2785714285714286)",0.5
"(0.4535751, 0.0, 0.0020918701171875, -0.2242302374010829)",0.0
"(0.4535751, 0.0002867199999999999, 0.0, -0.2242302374010829)",0.0
"(0.4535751, 4.0959999999999994e-05, 0.0, -0.2242302374010829)",0.0
"(0.83796296, 0.0, 0.08802083333333335, -0.1339795918367347)",0.5
"(0.4535751, 0.0, 0.0003399288940429688, -0.22735704408877255)",0.0
"(0.4535751, 2.2937599999999992e-05, 0.0, -0.22735704408877255)",0.0
"(0.4535751, 3.2767999999999993e-06, 0.0, -0.22735704408877255)",0.0
"(0.83796296, 0.0, 0.01430338541666667, -0.21059620991253647)",0.5
"(0.4535751, 0.0, 5.523844528198243e-05, -0.22793773675934348)",0.0
"(0.4535751, 1.8350079999999992e-06, 0.0, -0.22793773675934348)",0.0
"(0.4535751, 2.6214399999999994e-07, 0.0, -0.22793773675934348)",0.0
"(0.83796296, 0.0, 0.0023243001302083338, -0.2248250104123282)",0.5
"(0.83796296, 0.08, 0.0, 0.0)",0.0
"(0.97299383, 0.08, 0.0, 0.0)",1.0
"(0.83796296, 0.0063999999999999994, 0.0, -0.18571428571428572)",0.0
"(0.97299383, 0.0063999999999999994, 0.0, -0.18571428571428572)",1.0
"(0.83796296, 0.0005119999999999999, 0.0, -0.22020408163265306)",0.0
"(0.97299383, 0.0005119999999999999, 0.0, -0.22020408163265306)",1.0
"(0.83796296, 4.0959999999999994e-05, 0.0, -0.22660932944606416)",0.0
"(0.97299383, 4.0959999999999994e-05, 0.0, -0.22660932944606416)",1.0
"(0.4535751, 0.0, 8.976247358322146e-06, -0.22804557968387812)",0.0
"(0.4535751, 2.0971519999999997e-08, 8.976247358322146e-06, -0.22804557968387812)",0.0
"(0.83796296, 3.2767999999999993e-06, 0.0, -0.22779887546855476)",0.0
"(0.97299383, 3.2767999999999993e-06, 0.0, -0.22779887546855476)",1.0
"(0.4535751, 0.0, 1.4586401957273488e-06, -0.22806560765557737)",0.0
"(0.4535751, 1.6777215999999996e-09, 1.4586401957273488e-06, -0.22806560765557737)",0.0
"(0.83796296, 2.6214399999999994e-07, 0.0, -0.22801979115844587)",0.0
"(0.97299383, 2.6214399999999994e-07, 0.0, -0.22801979115844587)",1.0
"(0.4535751, 0.0, 2.370290318056942e-07, -0.22806932713603578)",0.0
"(0.4535751, 1.3421772799999996e-10, 2.370290318056942e-07, -0.22806932713603578)",0.0
"(0.83796296, 2.0971519999999997e-08, 0.0, -0.2280608183579971)",0.0
"(0.97299383, 2.0971519999999997e-08, 0.0, -0.2280608183579971)",1.0
"(0.4535751, 0.0, 3.851721766842531e-08, -0.22807001789669235)",0.0
"(0.4535751, 1.0737418239999996e-11, 3.851721766842531e-08, -0.22807001789669235)",0.0
"(0.83796296, 1.6777215999999996e-09, 0.0, -0.2280684376950566)",0.0
"(0.97299383, 1.6777215999999996e-09, 0.0, -0.2280684376950566)",1.0
"(0.4535751, 0.0, 6.259047871119113e-09, -0.2280701461808143)",0.0
"(0.4535751, 8.589934591999996e-13, 6.259047871119113e-09, -0.2280701461808143)",0.0
"(0.83796296, 1.3421772799999996e-10, 0.0, -0.2280698527147962)",0.0
"(0.97299383, 1.3421772799999996e-10, 0.0, -0.2280698527147962)",1.0
"(0.4535751, 0.0, 1.017095279056856e-09, -0.22807017000500837)",0.0
"(0.4535751, 6.871947673599997e-14, 1.017095279056856e-09, -0.22807017000500837)",0.0
"(0.83796296, 1.0737418239999996e-11, 0.0, -0.22807011550417644)",0.0
"(0.97299383, 1.0737418239999996e-11, 0.0, -0.22807011550417644)",1.0
"(0.4535751, 0.0, 1.652779828467391e-10, -0.22807017442950153)",0.0
"(0.4535751, 5.497558138879998e-15, 1.652779828467391e-10, -0.22807017442950153)",0.0
"(0.83796296, 8.589934591999996e-13, 0.0, -0.2280701643079185)",0.0
"(0.97299383, 8.589934591999996e-13, 0.0, -0.2280701643079185)",1.0
"(0.4535751, 0.0, 2.6857672212595103e-11, -0.22807017525119316)",0.0
"(0.4535751, 4.398046511103998e-16, 2.6857672212595103e-11, -0.22807017525119316)",0.0
"(0.83796296, 6.871947673599997e-14, 0.0, -0.2280701733714706)",0.0
"(0.97299383, 6.871947673599997e-14, 0.0, -0.2280701733714706)",1.0
"(0.4535751, 0.0, 4.364371734546704e-12, -0.22807017540379304)",0.0
"(0.4535751, 3.5184372088831984e-17, 4.364371734546704e-12, -0.22807017540379304)",0.0
"(0.83796296, 5.497558138879998e-15, 0.0, -0.22807017505470167)",0.0
"(0.97299383, 5.497558138879998e-15, 0.0, -0.22807017505470167)",1.0
"(0.4535751, 0.0, 7.092104068638394e-13, -0.228070175432133)",0.0
"(0.4535751, 2.8147497671065586e-18, 7.092104068638394e-13, -0.228070175432133)",0.0
"(0.83796296, 4.398046511103998e-16, 0.0, -0.22807017536730176)",0.0
"(0.97299383, 4.398046511103998e-16, 0.0, -0.22807017536730176)",1.0
"(0.83796296, 0.0, 0.325, 0.09285714285714286)",0.0
"(0.83796296, 0.0, 0.052812500000000005, -0.16846938775510203)",0.0
"(0.83796296, 0.0, 0.008582031250000002, -0.2170014577259475)",0.0
"(0.83796296, 0.0, 0.0013945800781250005, -0.22601455643481883)",0.0
"(0.83796296, 0.0, 0.00022661926269531259, -0.22768841762360922)",0.0
"(0.83796296, 0.0, 3.6825630187988294e-05, -0.22799927755867028)",0.0
"(0.83796296, 0.0, 5.984164905548098e-06, -0.22805700868946735)",0.0
"(0.83796296, 0.0, 9.72426797151566e-07, -0.2280677301851868)",0.0
"(0.83796296, 0.0, 1.580193545371295e-07, -0.2280697213201061)",0.0
"(0.83796296, 0.0, 2.5678145112283544e-08, -0.22807009110230544)",0.0
"(0.83796296, 0.0, 4.172698580746076e-09, -0.22807015977614245)",0.0
"(0.83796296, 0.0, 6.780635193712374e-10, -0.22807017252985504)",0.0
"(0.83796296, 0.0, 1.1018532189782608e-10, -0.22807017489840167)",0.0
"(0.83796296, 0.0, 1.790511480839674e-11, -0.22807017533827462)",0.0
"(0.83796296, 0.0, 2.9095811563644703e-12, -0.22807017541996527)",0.0
"(0.83796296, 0.0, 4.728069379092264e-13, -0.2280701754351364)",0.0
"(0.83796296, 0.0, 7.68311274102493e-14, -0.2280701754379539)",0.0
"(0.83796296, 0.0, 1.2485058204165513e-14, -0.22807017543847716)",0.0
"(0.47109073, 0.08, 0.8125, 1.3)",0.0
"(0.83796296, 0.0, 2.028821958176896e-15, -0.22807017543857433)",0.0
"(0.47109073, 0.0063999999999999994, 0.13203125000000002, 0.05571428571428572)",0.0
"(0.83796296, 0.0, 3.2968356820374564e-16, -0.22807017543859237)",0.0
"(0.47109073, 0.0005119999999999999, 0.021455078125000002, -0.17536734693877554)",0.0
"(0.83796296, 0.0, 5.357357983310867e-17, -0.22807017543859573)",0.0
"(0.47109073, 4.0959999999999994e-05, 0.0034864501953125004, -0.21828250728862975)",0.0
"(0.83796296, 0.0, 8.705706722880158e-18, -0.22807017543859634)",0.0
"(0.47109073, 3.2767999999999993e-06, 0.0005665481567382814, -0.22625246563931695)",0.0
"(0.83796296, 0.0, 1.4146773424680258e-18, -0.22807017543859645)",0.0
"(0.47109073, 2.6214399999999994e-07, 9.206407546997073e-05, -0.22773260076158747)",0.0
"(0.83796296, 0.0, 2.298850681510542e-19, -0.22807017543859653)",0.0
"(0.47109073, 2.0971519999999997e-08, 1.4960412263870244e-05, -0.22800748299858054)",0.0
"(0.83796296, 0.0, 3.7356323574546307e-20, -0.22807017543859653)",0.0
"(0.47109073, 1.6777215999999996e-09, 2.431066992878915e-06, -0.22805853255687925)",0.0
"(0.83796296, 0.0, 6.070402580863775e-21, -0.22807017543859653)",0.0
"(0.47109073, 1.3421772799999996e-10, 3.9504838634282367e-07, -0.22806801318913472)",0.0
"(0.83796296, 0.0, 9.864404193903635e-22, -0.22807017543859653)",0.0
"(0.47109073, 1.0737418239999996e-11, 6.419536278070885e-08, -0.22806977387798213)",0.0
"(0.83796296, 0.0, 1.6029656815093408e-22, -0.22807017543859653)",0.0
"(0.47109073, 8.589934591999996e-13, 1.043174645186519e-08, -0.22807010086305385)",0.0
"(0.83796296, 0.0, 2.604819232452679e-23, -0.22807017543859653)",0.0
"(0.47109073, 6.871947673599997e-14, 1.6951587984280934e-09, -0.22807016158885288)",0.0
"(0.83796296, 0.0, 4.2328312527356035e-24, -0.22807017543859653)",0.0
"(0.47109073, 5.497558138879998e-15, 2.7546330474456517e-10, -0.22807017286650128)",0.0
"(0.83796296, 0.0, 6.878350785695356e-25, -0.22807017543859653)",0.0
"(0.47109073, 4.398046511103998e-16, 4.476278702099184e-11, -0.2280701749609217)",0.0
"(0.83796296, 0.0, 1.1177320026754954e-25, -0.22807017543859653)",0.0
"(0.47109073, 3.5184372088831984e-17, 7.273952890911175e-12, -0.22807017534988547)",0.0
"(0.83796296, 0.0, 1.81631450434768e-26, -0.22807017543859653)",0.0
"(0.47109073, 2.8147497671065586e-18, 1.1820173447730658e-12, -0.22807017542212157)",0.0
"(0.83796296, 0.0, 2.9515110695649802e-27, -0.22807017543859653)",0.0
"(0.47109073, 2.251799813685247e-19, 1.920778185256232e-13, -0.22807017543553684)",0.0
"(0.83796296, 0.0, 4.7962054880430925e-28, -0.22807017543859653)",0.0
"(0.47109073, 1.8014398509481974e-20, 3.121264551041377e-14, -0.22807017543802827)",0.0
"(0.83796296, 0.0, 7.793833918070026e-29, -0.22807017543859653)",0.0
"(0.47109073, 1.441151880758558e-21, 5.0720548954422385e-15, -0.22807017543849098)",0.0
"(0.83796296, 0.0, 1.2664980116863794e-29, -0.22807017543859653)",0.0
"(0.47109073, 1.1529215046068462e-22, 8.242089205093638e-16, -0.22807017543857694)",0.0
"(0.83796296, 0.0, 2.0580592689903665e-30, -0.22807017543859653)",0.0
"(0.47109073, 9.223372036854769e-24, 1.339339495827716e-16, -0.22807017543859287)",0.0
"(0.83796296, 0.0, 3.3443463121093455e-31, -0.22807017543859653)",0.0
"(0.47109073, 7.378697629483815e-25, 2.176426680720039e-17, -0.2280701754385958)",0.0
"(0.83796296, 0.0, 5.434562757177687e-32, -0.22807017543859653)",0.0
"(0.47109073, 5.902958103587051e-26, 3.536693356170063e-18, -0.22807017543859637)",0.0
"(0.83796296, 0.0, 8.831164480413742e-33, -0.22807017543859653)",0.0
"(0.47109073, 4.722366482869641e-27, 5.747126703776353e-19, -0.22807017543859645)",0.0
"(0.83796296, 0.0, 1.4350642280672331e-33, -0.22807017543859653)",0.0
"(0.47109073, 3.7778931862957126e-28, 9.339080893636574e-20, -0.22807017543859653)",0.0
"(0.83796296, 0.0, 2.331979370609254e-34, -0.22807017543859653)",0.0
"(0.47109073, 3.02231454903657e-29, 1.5176006452159434e-20, -0.22807017543859653)",0.0
"(0.83796296, 0.0, 3.789466477240038e-35, -0.22807017543859653)",0.0
"(0.47109073, 2.417851639229256e-30, 2.466101048475908e-21, -0.22807017543859653)",0.0
"(0.83796296, 0.0, 6.157883025515062e-36, -0.22807017543859653)",0.0
"(0.47109073, 1.9342813113834046e-31, 4.007414203773351e-22, -0.22807017543859653)",0.0
"(0.83796296, 0.0, 1.0006559916461977e-36, -0.22807017543859653)",0.0
"(0.47109073, 1.5474250491067235e-32, 6.512048081131695e-23, -0.22807017543859653)",0.0
"(0.83796296, 0.0, 1.6260659864250714e-37, -0.22807017543859653)",0.0
"(0.47109073, 1.2379400392853787e-33, 1.0582078131839006e-23, -0.22807017543859653)",0.0
"(0.97299383, 0.08, 0.21666666666666667, 0.0)",1.0
"(0.97299383, 0.0063999999999999994, 0.035208333333333335, -0.18571428571428572)",0.5
"(0.97299383, 0.0005119999999999999, 0.005721354166666667, -0.22020408163265306)",1.0
"(0.97299383, 4.0959999999999994e-05, 0.0009297200520833334, -0.22660932944606416)",1.0
"(0.97299383, 3.2767999999999993e-06, 0.00015107950846354168, -0.22779887546855476)",1.0
"(0.97299383, 2.6214399999999994e-07, 2.4550420125325524e-05, -0.22801979115844587)",1.0
"(0.97299383, 2.0971519999999997e-08, 3.989443270365398e-06, -0.2280608183579971)",1.0
"(0.97299383, 1.6777215999999996e-09, 6.482845314343772e-07, -0.2280684376950566)",1.0
"(0.97299383, 1.3421772799999996e-10, 1.0534623635808631e-07, -0.2280698527147962)",0.5
"(0.97299383, 1.0737418239999996e-11, 1.7118763408189025e-08, -0.22807011550417644)",0.5
"(0.97299383, 8.589934591999996e-13, 2.7817990538307166e-09, -0.2280701643079185)",0.5
"(0.97299383, 6.871947673599997e-14, 4.520423462474915e-10, -0.2280701733714706)",0.5
"(0.97299383, 5.497558138879998e-15, 7.345688126521737e-11, -0.22807017505470167)",0.5
"(0.97299383, 4.398046511103998e-16, 1.1936743205597822e-11, -0.22807017536730176)",0.5
"(0.97299383, 3.5184372088831984e-17, 1.939720770909646e-12, -0.22807017542535607)",0.5
"(0.97299383, 2.8147497671065586e-18, 3.1520462527281754e-13, -0.22807017543613756)",0.5
"(0.97299383, 2.251799813685247e-19, 5.1220751606832853e-14, -0.22807017543813987)",0.5
"(0.97299383, 1.8014398509481974e-20, 8.32337213611034e-15, -0.22807017543851169)",0.5
"(0.97299383, 1.441151880758558e-21, 1.3525479721179302e-15, -0.22807017543858074)",0.5
"(0.97299383, 1.1529215046068462e-22, 2.1978904546916368e-16, -0.22807017543859356)",0.5
"(0.97299383, 9.223372036854769e-24, 3.57157198887391e-17, -0.22807017543859598)",0.5
"(0.97299383, 7.378697629483815e-25, 5.803804481920104e-18, -0.22807017543859637)",0.5
"(0.97299383, 5.902958103587051e-26, 9.43118228312017e-19, -0.22807017543859645)",0.5
"(0.97299383, 4.722366482869641e-27, 1.5325671210070277e-19, -0.22807017543859653)",0.5
"(0.97299383, 3.7778931862957126e-28, 2.49042157163642e-20, -0.22807017543859653)",0.5
"(0.97299383, 3.02231454903657e-29, 4.0469350539091824e-21, -0.22807017543859653)",0.5
"(0.97299383, 2.417851639229256e-30, 6.5762694626024215e-22, -0.22807017543859653)",0.5
"(0.97299383, 1.9342813113834046e-31, 1.0686437876728936e-22, -0.22807017543859653)",0.5
"(0.97299383, 1.5474250491067235e-32, 1.7365461549684521e-23, -0.22807017543859653)",0.5
"(0.97299383, 1.2379400392853787e-33, 2.8218875018237347e-24, -0.22807017543859653)",0.5
"(0.97299383, 9.90352031428303e-35, 4.585567190463569e-25, -0.22807017543859653)",0.5
"(0.97299383, 7.922816251426424e-36, 7.451546684503301e-26, -0.22807017543859653)",0.5
"(0.97299383, 6.338253001141139e-37, 1.2108763362317864e-26, -0.22807017543859653)",0.5
"(0.97299383, 5.070602400912912e-38, 1.967674046376653e-27, -0.22807017543859653)",0.5
"(0.97299383, 4.0564819207303295e-39, 3.197470325362061e-28, -0.22807017543859653)",0.5
"(0.97299383, 3.2451855365842635e-40, 5.19588927871335e-29, -0.22807017543859653)",0.5
"(0.97299383, 2.5961484292674106e-41, 8.443320077909194e-30, -0.22807017543859653)",0.5
"(0.97299383, 2.0769187434139284e-42, 1.372039512660244e-30, -0.22807017543859653)",0.5
"(0.90934714, 0.08, 0.0, 0.37142857142857144)",1.0
"(0.90934714, 0.0063999999999999994, 0.0, -0.11673469387755102)",1.0
"(0.90934714, 0.0005119999999999999, 0.0, -0.20739358600583094)",1.0
"(0.90934714, 4.0959999999999994e-05, 0.0, -0.2242302374010829)",1.0
"(0.90934714, 3.2767999999999993e-06, 0.0, -0.22735704408877255)",1.0
"(0.90934714, 2.6214399999999994e-07, 0.0, -0.22793773675934348)",1.0
"(0.90934714, 2.0971519999999997e-08, 0.0, -0.22804557968387812)",1.0
"(0.90934714, 1.6777215999999996e-09, 0.0, -0.22806560765557737)",1.0
"(0.90934714, 1.3421772799999996e-10, 0.0, -0.22806932713603578)",1.0
"(0.90934714, 1.0737418239999996e-11, 0.0, -0.22807001789669235)",1.0
"(0.90934714, 8.589934591999996e-13, 0.0, -0.2280701461808143)",1.0
"(0.90934714, 6.871947673599997e-14, 0.0, -0.22807017000500837)",1.0
"(0.90934714, 5.497558138879998e-15, 0.0, -0.22807017442950153)",1.0
"(0.90934714, 4.398046511103998e-16, 0.0, -0.22807017525119316)",1.0
"(0.90934714, 3.5184372088831984e-17, 0.0, -0.22807017540379304)",1.0
"(0.90934714, 2.8147497671065586e-18, 0.0, -0.228070175432133)",1.0
"(0.90934714, 2.251799813685247e-19, 0.0, -0.22807017543739613)",1.0
"(0.90934714, 1.8014398509481974e-20, 0.0, -0.22807017543837357)",1.0
"(0.90934714, 1.441151880758558e-21, 0.0, -0.2280701754385551)",1.0
"(0.90934714, 1.1529215046068462e-22, 0.0, -0.2280701754385888)",1.0
"(0.90934714, 9.223372036854769e-24, 0.0, -0.2280701754385951)",1.0
"(0.90934714, 7.378697629483815e-25, 0.0, -0.22807017543859623)",0.5
"(0.90934714, 5.902958103587051e-26, 0.0, -0.22807017543859645)",0.5
"(0.90934714, 4.722366482869641e-27, 0.0, -0.22807017543859653)",0.5
"(0.90934714, 3.7778931862957126e-28, 0.0, -0.22807017543859653)",0.5
"(0.90934714, 3.02231454903657e-29, 0.0, -0.22807017543859653)",0.5
"(0.90934714, 2.417851639229256e-30, 0.0, -0.22807017543859653)",0.5
"(0.90934714, 1.9342813113834046e-31, 0.0, -0.22807017543859653)",0.5
"(0.90934714, 1.5474250491067235e-32, 0.0, -0.22807017543859653)",0.5
"(0.90934714, 1.2379400392853787e-33, 0.0, -0.22807017543859653)",0.5
"(0.90934714, 9.90352031428303e-35, 0.0, -0.22807017543859653)",0.5
"(0.90934714, 7.922816251426424e-36, 0.0, -0.22807017543859653)",0.5
"(0.90934714, 6.338253001141139e-37, 0.0, -0.22807017543859653)",0.5
"(0.90934714, 5.070602400912912e-38, 0.0, -0.22807017543859653)",0.5
"(0.90934714, 4.0564819207303295e-39, 0.0, -0.22807017543859653)",0.5
"(0.90934714, 3.2451855365842635e-40, 0.0, -0.22807017543859653)",0.5
"(0.90934714, 2.5961484292674106e-41, 0.0, -0.22807017543859653)",0.5
"(0.4535751, 0.64, 0.48750000000000004, 0.37142857142857144)",0.0
"(0.4535751, 0.051199999999999996, 0.07921875, -0.11673469387755102)",0.0
"(0.4535751, 0.004095999999999999, 0.012873046875, -0.20739358600583094)",0.0
"(0.9879401, 0.0063999999999999994, 0.052812500000000005, -0.15122448979591838)",1.0
"(0.4535751, 0.00032767999999999995, 0.0020918701171875, -0.2242302374010829)",0.0
"(0.9879401, 0.0005119999999999999, 0.008582031250000002, -0.21379883381924197)",1.0
"(0.97299383, 0.08, 0.1625, 0.0)",1.0
"(0.4535751, 2.6214399999999994e-05, 0.0003399288940429688, -0.22735704408877255)",0.0
"(0.9879401, 4.0959999999999994e-05, 0.0013945800781250005, -0.22541978342357352)",1.0
"(0.97299383, 0.0063999999999999994, 0.026406250000000003, -0.18571428571428572)",1.0
"(0.4535751, 2.0971519999999995e-06, 5.523844528198243e-05, -0.22793773675934348)",0.0
"(0.9879401, 3.2767999999999993e-06, 0.00022661926269531259, -0.22757795977866369)",1.0
"(0.97299383, 0.0005119999999999999, 0.004291015625000001, -0.22020408163265306)",1.0
"(0.4535751, 1.6777215999999997e-07, 8.976247358322146e-06, -0.22804557968387812)",0.0
"(0.9879401, 2.6214399999999994e-07, 3.6825630187988294e-05, -0.2279787639588947)",1.0
"(0.97299383, 4.0959999999999994e-05, 0.0006972900390625002, -0.22660932944606416)",1.0
"(0.4535751, 1.3421772799999996e-08, 1.4586401957273488e-06, -0.22806560765557737)",0.0
"(0.9879401, 2.0971519999999997e-08, 5.984164905548098e-06, -0.22805319902093757)",1.0
"(0.97299383, 3.2767999999999993e-06, 0.00011330963134765629, -0.22779887546855476)",1.0
"(0.4535751, 1.0737418239999997e-09, 2.370290318056942e-07, -0.22806932713603578)",0.0
"(0.9879401, 1.6777215999999996e-09, 9.72426797151566e-07, -0.22806702267531698)",1.0
"(0.97299383, 2.6214399999999994e-07, 1.8412815093994147e-05, -0.22801979115844587)",1.0
"(0.4535751, 8.589934591999997e-11, 3.851721766842531e-08, -0.22807001789669235)",0.0
"(0.9879401, 1.3421772799999996e-10, 1.580193545371295e-07, -0.228069589925416)",1.0
"(0.97299383, 2.0971519999999997e-08, 2.992082452774049e-06, -0.2280608183579971)",1.0
"(0.4535751, 6.871947673599997e-12, 6.259047871119113e-09, -0.2280701461808143)",0.0
"(0.9879401, 1.0737418239999996e-11, 2.5678145112283544e-08, -0.2280700667004344)",1.0
"(0.97299383, 1.6777215999999996e-09, 4.86213398575783e-07, -0.2280684376950566)",1.0
"(0.4535751, 5.497558138879998e-13, 1.017095279056856e-09, -0.22807017000500837)",0.0
"(0.9879401, 8.589934591999996e-13, 4.172698580746076e-09, -0.22807015524436638)",1.0
"(0.97299383, 1.3421772799999996e-10, 7.900967726856475e-08, -0.2280698527147962)",1.0
"(0.4535751, 4.398046511103998e-14, 1.652779828467391e-10, -0.22807017442950153)",0.0
"(0.9879401, 6.871947673599997e-14, 6.780635193712374e-10, -0.22807017168823948)",1.0
"(0.97299383, 1.0737418239999996e-11, 1.2839072556141772e-08, -0.22807011550417644)",1.0
"(0.4535751, 3.5184372088831983e-15, 2.6857672212595103e-11, -0.22807017525119316)",0.0
"(0.9879401, 5.497558138879998e-15, 1.1018532189782608e-10, -0.22807017474210162)",1.0
"(0.97299383, 8.589934591999996e-13, 2.086349290373038e-09, -0.2280701643079185)",1.0
"(0.4535751, 2.814749767106559e-16, 4.364371734546704e-12, -0.22807017540379304)",0.0
"(0.9879401, 4.398046511103998e-16, 1.790511480839674e-11, -0.22807017530924747)",1.0
"(0.97299383, 6.871947673599997e-14, 3.390317596856187e-10, -0.2280701733714706)",1.0
"(0.4535751, 2.251799813685247e-17, 7.092104068638394e-13, -0.228070175432133)",0.0
"(0.9879401, 3.5184372088831984e-17, 2.9095811563644703e-12, -0.22807017541457456)",1.0
"(0.97299383, 5.497558138879998e-15, 5.509266094891304e-11, -0.22807017505470167)",1.0
"(0.4535751, 1.8014398509481975e-18, 1.152466911153739e-13, -0.22807017543739613)",0.0
"(0.9879401, 2.8147497671065586e-18, 4.728069379092264e-13, -0.22807017543413532)",1.0
"(0.97299383, 4.398046511103998e-16, 8.95255740419837e-12, -0.22807017536730176)",1.0
"(0.4535751, 1.441151880758558e-19, 1.872758730624826e-14, -0.22807017543837357)",0.0
"(0.9879401, 2.251799813685247e-19, 7.68311274102493e-14, -0.228070175437768)",1.0
"(0.97299383, 3.5184372088831984e-17, 1.4547905781822351e-12, -0.22807017542535607)",1.0
"(0.4535751, 1.1529215046068463e-20, 3.043232937265342e-15, -0.2280701754385551)",0.0
"(0.9879401, 1.8014398509481974e-20, 1.2485058204165513e-14, -0.22807017543844266)",1.0
"(0.97299383, 2.8147497671065586e-18, 2.364034689546132e-13, -0.22807017543613756)",1.0
"(0.4535751, 9.22337203685477e-22, 4.945253523056181e-16, -0.2280701754385888)",0.0
"(0.9879401, 1.441151880758558e-21, 2.028821958176896e-15, -0.22807017543856795)",1.0
"(0.97299383, 2.251799813685247e-19, 3.841556370512465e-14, -0.22807017543813987)",1.0
"(0.4535751, 7.378697629483815e-23, 8.036036974966294e-17, -0.2280701754385951)",0.0
"(0.9879401, 1.1529215046068462e-22, 3.2968356820374564e-16, -0.22807017543859118)",1.0
"(0.97299383, 1.8014398509481974e-20, 6.242529102082756e-15, -0.22807017543851169)",1.0
"(0.4535751, 5.902958103587052e-24, 1.3058560084320228e-17, -0.22807017543859623)",0.0
"(0.9879401, 9.223372036854769e-24, 5.357357983310867e-17, -0.2280701754385955)",1.0
"(0.97299383, 1.441151880758558e-21, 1.014410979088448e-15, -0.22807017543858074)",1.0
"(0.4535751, 4.722366482869641e-25, 2.1220160137020373e-18, -0.22807017543859645)",0.0
"(0.9879401, 7.378697629483815e-25, 8.705706722880158e-18, -0.2280701754385963)",1.0
"(0.97299383, 1.1529215046068462e-22, 1.6484178410187282e-16, -0.22807017543859356)",1.0
"(0.4535751, 3.7778931862957126e-26, 3.4482760222658107e-19, -0.22807017543859653)",0.0
"(0.9879401, 5.902958103587051e-26, 1.4146773424680258e-18, -0.22807017543859645)",1.0
"(0.97299383, 9.223372036854769e-24, 2.6786789916554335e-17, -0.22807017543859598)",1.0
"(0.4535751, 3.02231454903657e-27, 5.603448536181943e-20, -0.22807017543859653)",0.0
"(0.9879401, 4.722366482869641e-27, 2.298850681510542e-19, -0.22807017543859653)",1.0
"(0.97299383, 7.378697629483815e-25, 4.352853361440079e-18, -0.22807017543859637)",1.0
"(0.4535751, 2.417851639229256e-28, 9.105603871295658e-21, -0.22807017543859653)",0.0
"(0.9879401, 3.7778931862957126e-28, 3.7356323574546307e-20, -0.22807017543859653)",1.0
"(0.97299383, 5.902958103587051e-26, 7.073386712340129e-19, -0.22807017543859645)",1.0
"(0.4535751, 1.9342813113834048e-29, 1.4796606290855444e-21, -0.22807017543859653)",0.0
"(0.9879401, 3.02231454903657e-29, 6.070402580863775e-21, -0.22807017543859653)",1.0
"(0.97299383, 4.722366482869641e-27, 1.149425340755271e-19, -0.22807017543859653)",1.0
"(0.4535751, 1.5474250491067237e-30, 2.40444852226401e-22, -0.22807017543859653)",0.0
"(0.9879401, 2.417851639229256e-30, 9.864404193903635e-22, -0.22807017543859653)",1.0
"(0.97299383, 3.7778931862957126e-28, 1.8678161787273153e-20, -0.22807017543859653)",1.0
"(0.4535751, 1.2379400392853788e-31, 3.9072288486790164e-23, -0.22807017543859653)",0.0
"(0.9879401, 1.9342813113834046e-31, 1.6029656815093408e-22, -0.22807017543859653)",1.0
"(0.97299383, 3.02231454903657e-29, 3.0352012904318874e-21, -0.22807017543859653)",1.0
"(0.4535751, 9.90352031428303e-33, 6.349246879103402e-24, -0.22807017543859653)",0.0
"(0.9879401, 1.5474250491067235e-32, 2.604819232452679e-23, -0.22807017543859653)",1.0
"(0.97299383, 2.417851639229256e-30, 4.932202096951818e-22, -0.22807017543859653)",1.0
"(0.4535751, 7.922816251426424e-34, 1.0317526178543028e-24, -0.22807017543859653)",0.0
"(0.9879401, 1.2379400392853787e-33, 4.2328312527356035e-24, -0.22807017543859653)",0.5
"(0.97299383, 1.9342813113834046e-31, 8.014828407546704e-23, -0.22807017543859653)",1.0
"(0.4535751, 6.338253001141139e-35, 1.676598004013242e-25, -0.22807017543859653)",0.0
"(0.9879401, 9.90352031428303e-35, 6.878350785695356e-25, -0.22807017543859653)",0.5
"(0.97299383, 1.5474250491067235e-32, 1.3024096162263395e-23, -0.22807017543859653)",1.0
"(0.4535751, 5.0706024009129115e-36, 2.7244717565215185e-26, -0.22807017543859653)",0.0
"(0.9879401, 7.922816251426424e-36, 1.1177320026754954e-25, -0.22807017543859653)",0.5
"(0.97299383, 1.2379400392853787e-33, 2.1164156263678018e-24, -0.22807017543859653)",1.0
"(0.4535751, 4.056481920730329e-37, 4.427266604347468e-27, -0.22807017543859653)",0.0
"(0.9879401, 6.338253001141139e-37, 1.81631450434768e-26, -0.22807017543859653)",0.5
"(0.97299383, 9.90352031428303e-35, 3.439175392847678e-25, -0.22807017543859653)",1.0
"(0.4535751, 3.2451855365842636e-38, 7.194308232064636e-28, -0.22807017543859653)",0.0
"(0.9879401, 5.070602400912912e-38, 2.9515110695649802e-27, -0.22807017543859653)",0.5
"(0.97299383, 7.922816251426424e-36, 5.588660013377477e-26, -0.22807017543859653)",1.0
"(0.4535751, 2.5961484292674108e-39, 1.1690750877105034e-28, -0.22807017543859653)",0.0
"(0.9879401, 4.0564819207303295e-39, 4.7962054880430925e-28, -0.22807017543859653)",0.5
"(0.97299383, 6.338253001141139e-37, 9.0815725217384e-27, -0.22807017543859653)",1.0
"(0.4535751, 2.0769187434139285e-40, 1.899747017529568e-29, -0.22807017543859653)",0.0
"(0.9879401, 3.2451855365842635e-40, 7.793833918070026e-29, -0.22807017543859653)",0.5
"(0.97299383, 5.070602400912912e-38, 1.4757555347824901e-27, -0.22807017543859653)",1.0
"(0.4535751, 1.6615349947311427e-41, 3.0870889034855483e-30, -0.22807017543859653)",0.0
"(0.9879401, 2.5961484292674106e-41, 1.2664980116863794e-29, -0.22807017543859653)",0.5
"(0.97299383, 4.0564819207303295e-39, 2.3981027440215463e-28, -0.22807017543859653)",1.0
"(0.4535751, 1.329227995784914e-42, 5.016519468164016e-31, -0.22807017543859653)",0.0
"(0.9879401, 2.0769187434139284e-42, 2.0580592689903665e-30, -0.22807017543859653)",0.5
"(0.97299383, 3.2451855365842635e-40, 3.896916959035013e-29, -0.22807017543859653)",1.0
"(0.4535751, 1.063382396627931e-43, 8.151844135766526e-32, -0.22807017543859653)",0.0
"(0.9879401, 1.6615349947311424e-43, 3.3443463121093455e-31, -0.22807017543859653)",0.5
"(0.97299383, 2.5961484292674106e-41, 6.332490058431897e-30, -0.22807017543859653)",1.0
"(0.4535751, 8.507059173023448e-45, 1.3246746720620606e-32, -0.22807017543859653)",0.0
"(0.9879401, 1.3292279957849138e-44, 5.434562757177687e-32, -0.22807017543859653)",0.5
"(0.97299383, 2.0769187434139284e-42, 1.0290296344951832e-30, -0.22807017543859653)",1.0
"(0.4535751, 6.805647338418757e-46, 2.1525963421008485e-33, -0.22807017543859653)",0.0
"(0.9879401, 1.063382396627931e-45, 8.831164480413742e-33, -0.22807017543859653)",0.5
"(0.97299383, 1.6615349947311424e-43, 1.6721731560546728e-31, -0.22807017543859653)",1.0
"(0.4535751, 5.444517870735006e-47, 3.497969055913879e-34, -0.22807017543859653)",0.0
"(0.9879401, 8.507059173023446e-47, 1.4350642280672331e-33, -0.22807017543859653)",0.5
"(0.97299383, 1.3292279957849138e-44, 2.7172813785888436e-32, -0.22807017543859653)",1.0
"(0.4535751, 4.355614296588005e-48, 5.684199715860054e-35, -0.22807017543859653)",0.0
"(0.9879401, 6.805647338418758e-48, 2.331979370609254e-34, -0.22807017543859653)",0.5
"(0.97299383, 1.063382396627931e-45, 4.415582240206871e-33, -0.22807017543859653)",1.0
"(0.4535751, 3.484491437270404e-49, 9.236824538272588e-36, -0.22807017543859653)",0.0
"(0.9879401, 5.444517870735006e-49, 3.789466477240038e-35, -0.22807017543859653)",0.5
"(0.97299383, 8.507059173023446e-47, 7.175321140336166e-34, -0.22807017543859653)",1.0
"(0.4535751, 2.7875931498163226e-50, 1.5009839874692956e-36, -0.22807017543859653)",0.0
"(0.9879401, 4.355614296588005e-50, 6.157883025515062e-36, -0.22807017543859653)",0.5
"(0.97299383, 6.805647338418758e-48, 1.165989685304627e-34, -0.22807017543859653)",1.0
"(0.99729938, 0.08, 0.5416666666666667, 0.18571428571428572)",1.0
"(0.99729938, 0.0063999999999999994, 0.08802083333333335, -0.15122448979591838)",0.5
"(0.99729938, 0.0005119999999999999, 0.01430338541666667, -0.21379883381924197)",0.5
"(0.99729938, 4.0959999999999994e-05, 0.0023243001302083338, -0.22541978342357352)",0.5
"(0.99729938, 3.2767999999999993e-06, 0.00037769877115885426, -0.22757795977866369)",0.5
"(0.99729938, 2.6214399999999994e-07, 6.137605031331382e-05, -0.2279787639588947)",0.5
"(0.99729938, 2.0971519999999997e-08, 9.973608175913496e-06, -0.22805319902093757)",0.5
"(0.99729938, 1.6777215999999996e-09, 1.620711328585943e-06, -0.22806702267531698)",0.5
"(0.99729938, 1.3421772799999996e-10, 2.633655908952158e-07, -0.228069589925416)",0.5
"(0.99729938, 1.0737418239999996e-11, 4.279690852047256e-08, -0.2280700667004344)",0.5
"(0.99729938, 8.589934591999996e-13, 6.954497634576792e-09, -0.22807015524436638)",0.5
"(0.99729938, 6.871947673599997e-14, 1.1301058656187286e-09, -0.22807017168823948)",0.5
"(0.99729938, 5.497558138879998e-15, 1.836422031630434e-10, -0.22807017474210162)",0.5
"(0.99729938, 4.398046511103998e-16, 2.9841858013994555e-11, -0.22807017530924747)",0.5
"(0.99729938, 3.5184372088831984e-17, 4.849301927274116e-12, -0.22807017541457456)",0.5
"(0.99729938, 2.8147497671065586e-18, 7.880115631820438e-13, -0.22807017543413532)",0.5
"(0.99729938, 2.251799813685247e-19, 1.2805187901708212e-13, -0.228070175437768)",0.5
"(0.99729938, 1.8014398509481974e-20, 2.0808430340275846e-14, -0.22807017543844266)",0.5
"(0.99729938, 1.441151880758558e-21, 3.381369930294825e-15, -0.22807017543856795)",0.5
"(0.99729938, 1.1529215046068462e-22, 5.49472613672909e-16, -0.22807017543859118)",0.5
"(0.90934714, 0.08, 0.3791666666666667, 0.18571428571428572)",0.5
"(0.90934714, 0.0063999999999999994, 0.06161458333333334, -0.15122448979591838)",0.5
"(0.90934714, 0.0005119999999999999, 0.010012369791666668, -0.21379883381924197)",1.0
"(0.90934714, 4.0959999999999994e-05, 0.0016270100911458336, -0.22541978342357352)",1.0
"(1.0, 0.24, 0.1625, 0.0)",1.0
"(0.99999643, 0.08, 0.48750000000000004, 0.0)",1.0
"(0.90934714, 3.2767999999999993e-06, 0.00026438913981119796, -0.22757795977866369)",1.0
"(1.0, 0.0192, 0.026406250000000003, -0.18571428571428572)",1.0
"(0.99999643, 0.0063999999999999994, 0.07921875, -0.18571428571428572)",1.0
"(0.99984997, 0.08, 0.24375000000000002, 0.09285714285714286)",1.0
"(0.90934714, 2.6214399999999994e-07, 4.296323521931967e-05, -0.2279787639588947)",1.0
"(1.0, 0.0015359999999999998, 0.004291015625000001, -0.22020408163265306)",1.0
"(0.99999643, 0.0005119999999999999, 0.012873046875, -0.22020408163265306)",1.0
"(0.99984997, 0.0063999999999999994, 0.039609375, -0.16846938775510203)",1.0
"(0.90934714, 2.0971519999999997e-08, 6.981525723139446e-06, -0.22805319902093757)",1.0
"(1.0, 0.00012287999999999996, 0.0006972900390625002, -0.22660932944606416)",1.0
"(0.99999643, 4.0959999999999994e-05, 0.0020918701171875, -0.22660932944606416)",1.0
"(0.99984997, 0.0005119999999999999, 0.0064365234375, -0.2170014577259475)",1.0
"(0.90934714, 1.6777215999999996e-09, 1.1344979300101602e-06, -0.22806702267531698)",1.0
"(1.0, 9.830399999999997e-06, 0.00011330963134765629, -0.22779887546855476)",1.0
"(0.99999643, 3.2767999999999993e-06, 0.0003399288940429688, -0.22779887546855476)",1.0
"(0.99984997, 4.0959999999999994e-05, 0.00104593505859375, -0.22601455643481883)",1.0
"(0.90934714, 1.3421772799999996e-10, 1.8435591362665103e-07, -0.228069589925416)",1.0
"(1.0, 7.864319999999997e-07, 1.8412815093994147e-05, -0.22801979115844587)",1.0
"(0.99999643, 2.6214399999999994e-07, 5.523844528198243e-05, -0.22801979115844587)",0.5
"(0.99984997, 3.2767999999999993e-06, 0.0001699644470214844, -0.22768841762360922)",1.0
"(0.90934714, 1.0737418239999996e-11, 2.995783596433079e-08, -0.2280700667004344)",1.0
"(1.0, 6.291455999999997e-08, 2.992082452774049e-06, -0.2280608183579971)",0.5
"(0.99999643, 2.0971519999999997e-08, 8.976247358322146e-06, -0.2280608183579971)",0.5
"(0.99984997, 2.6214399999999994e-07, 2.7619222640991215e-05, -0.22799927755867028)",1.0
"(0.90934714, 8.589934591999996e-13, 4.868148344203754e-09, -0.22807015524436638)",1.0
"(1.0, 5.033164799999997e-09, 4.86213398575783e-07, -0.2280684376950566)",0.5
"(0.99999643, 1.6777215999999996e-09, 1.4586401957273488e-06, -0.2280684376950566)",0.5
"(0.99984997, 2.0971519999999997e-08, 4.488123679161073e-06, -0.22805700868946735)",1.0
"(0.90934714, 6.871947673599997e-14, 7.9107410593311e-10, -0.22807017168823948)",1.0
"(1.0, 4.0265318399999977e-10, 7.900967726856475e-08, -0.2280698527147962)",0.5
"(0.99999643, 1.3421772799999996e-10, 2.370290318056942e-07, -0.2280698527147962)",0.5
"(0.99984997, 1.6777215999999996e-09, 7.293200978636744e-07, -0.2280677301851868)",1.0
"(0.90934714, 5.497558138879998e-15, 1.2854954221413038e-10, -0.22807017474210162)",1.0
"(1.0, 3.221225471999998e-11, 1.2839072556141772e-08, -0.22807011550417644)",1.0
"(0.99999643, 1.0737418239999996e-11, 3.851721766842531e-08, -0.22807011550417644)",0.5
"(0.99984997, 1.3421772799999996e-10, 1.185145159028471e-07, -0.2280697213201061)",1.0
"(0.90934714, 4.398046511103998e-16, 2.0889300609796185e-11, -0.22807017530924747)",1.0
"(1.0, 2.5769803775999983e-12, 2.086349290373038e-09, -0.2280701643079185)",1.0
"(0.99999643, 8.589934591999996e-13, 6.259047871119113e-09, -0.2280701643079185)",0.5
"(0.99984997, 1.0737418239999996e-11, 1.9258608834212655e-08, -0.22807009110230544)",1.0
"(0.99998345, 0.16, 0.48750000000000004, 0.2785714285714286)",1.0
"(0.90934714, 3.5184372088831984e-17, 3.3945113490918803e-12, -0.22807017541457456)",1.0
"(1.0, 2.0615843020799987e-13, 3.390317596856187e-10, -0.2280701733714706)",0.5
"(0.99999643, 6.871947673599997e-14, 1.017095279056856e-09, -0.2280701733714706)",0.5
"(0.99984997, 8.589934591999996e-13, 3.1295239355595567e-09, -0.22807015977614245)",1.0
"(0.99998345, 0.012799999999999999, 0.07921875, -0.1339795918367347)",1.0
"(0.90934714, 2.8147497671065586e-18, 5.516080942274306e-13, -0.22807017543413532)",1.0
"(1.0, 1.6492674416639988e-14, 5.509266094891304e-11, -0.22807017505470167)",0.5
"(0.99999643, 5.497558138879998e-15, 1.652779828467391e-10, -0.22807017505470167)",0.5
"(0.99984997, 6.871947673599997e-14, 5.08547639528428e-10, -0.22807017252985504)",1.0
"(0.99998345, 0.0010239999999999997, 0.012873046875, -0.21059620991253647)",1.0
"(0.90934714, 2.251799813685247e-19, 8.963631531195747e-14, -0.228070175437768)",1.0
"(1.0, 1.319413953331199e-15, 8.95255740419837e-12, -0.22807017536730176)",0.5
"(0.99999643, 4.398046511103998e-16, 2.6857672212595103e-11, -0.22807017536730176)",0.5
"(0.99984997, 5.497558138879998e-15, 8.263899142336955e-11, -0.22807017489840167)",1.0
"(0.99998345, 8.191999999999999e-05, 0.0020918701171875, -0.2248250104123282)",1.0
"(0.90934714, 1.8014398509481974e-20, 1.456590123819309e-14, -0.22807017543844266)",1.0
"(1.0, 1.0555311626649591e-16, 1.4547905781822351e-12, -0.22807017542535607)",0.5
"(0.99999643, 3.5184372088831984e-17, 4.364371734546704e-12, -0.22807017542535607)",0.5
"(0.99984997, 4.398046511103998e-16, 1.3428836106297552e-11, -0.22807017533827462)",1.0
"(0.99998345, 6.5535999999999985e-06, 0.0003399288940429688, -0.2274675019337181)",1.0
"(0.90934714, 1.441151880758558e-21, 2.3669589512063773e-15, -0.22807017543856795)",1.0
"(1.0, 8.444249301319672e-18, 2.364034689546132e-13, -0.22807017543613756)",0.5
"(0.99999643, 2.8147497671065586e-18, 7.092104068638394e-13, -0.22807017543613756)",0.5
"(0.99984997, 3.5184372088831984e-17, 2.182185867273352e-12, -0.22807017541996527)",1.0
"(0.99998345, 5.242879999999999e-07, 5.523844528198243e-05, -0.22795825035911907)",1.0
"(0.90934714, 1.1529215046068462e-22, 3.846308295710363e-16, -0.22807017543859118)",1.0
"(1.0, 6.755399441055737e-19, 3.841556370512465e-14, -0.22807017543813987)",0.5
"(0.99999643, 2.251799813685247e-19, 1.152466911153739e-13, -0.22807017543813987)",0.5
"(0.99984997, 2.8147497671065586e-18, 3.546052034319197e-13, -0.2280701754351364)",1.0
"(0.99998345, 4.1943039999999993e-08, 8.976247358322146e-06, -0.22804938935240782)",1.0
"(0.90934714, 9.223372036854769e-24, 6.250250980529341e-17, -0.2280701754385955)",1.0
"(1.0, 5.4043195528445895e-20, 6.242529102082756e-15, -0.22807017543851169)",1.0
"(0.99999643, 1.8014398509481974e-20, 1.872758730624826e-14, -0.22807017543851169)",0.5
"(0.99984997, 2.251799813685247e-19, 5.762334555768695e-14, -0.2280701754379539)",1.0
"(0.99998345, 3.355443199999999e-09, 1.4586401957273488e-06, -0.22806631516544715)",1.0
"(0.90934714, 7.378697629483815e-25, 1.0156657843360179e-17, -0.2280701754385963)",1.0
"(1.0, 4.3234556422756715e-21, 1.014410979088448e-15, -0.22807017543858074)",1.0
"(0.99999643, 1.441151880758558e-21, 3.043232937265342e-15, -0.22807017543858074)",0.5
"(0.99984997, 1.8014398509481974e-20, 9.36379365312413e-15, -0.22807017543847716)",1.0
"(0.99998345, 2.684354559999999e-10, 2.370290318056942e-07, -0.2280694585307259)",1.0
"(0.90934714, 5.902958103587051e-26, 1.6504568995460292e-18, -0.22807017543859645)",1.0
"(1.0, 3.4587645138205374e-22, 1.6484178410187282e-16, -0.22807017543859356)",0.5
"(0.99999643, 1.1529215046068462e-22, 4.945253523056181e-16, -0.22807017543859356)",0.5
"(0.99984997, 1.441151880758558e-21, 1.521616468632671e-15, -0.22807017543857433)",1.0
"(0.99998345, 2.1474836479999992e-11, 3.851721766842531e-08, -0.2280700422985634)",1.0
"(0.90934714, 4.722366482869641e-27, 2.681992461762298e-19, -0.22807017543859653)",1.0
"(1.0, 2.76701161105643e-23, 2.6786789916554335e-17, -0.22807017543859598)",0.5
"(0.99999643, 9.223372036854769e-24, 8.036036974966294e-17, -0.22807017543859598)",0.5
"(0.99984997, 1.1529215046068462e-22, 2.4726267615280904e-16, -0.22807017543859237)",1.0
"(0.99998345, 1.7179869183999993e-12, 6.259047871119113e-09, -0.22807015071259032)",1.0
"(0.90934714, 3.7778931862957126e-28, 4.358237750363734e-20, -0.22807017543859653)",1.0
"(1.0, 2.213609288845144e-24, 4.352853361440079e-18, -0.22807017543859637)",0.5
"(0.99999643, 7.378697629483815e-25, 1.3058560084320228e-17, -0.22807017543859637)",0.5
"(0.99984997, 9.223372036854769e-24, 4.018018487483147e-17, -0.22807017543859573)",1.0
"(0.99998345, 1.3743895347199994e-13, 1.017095279056856e-09, -0.22807017084662393)",1.0
"(0.90934714, 3.02231454903657e-29, 7.082136344341068e-21, -0.22807017543859653)",1.0
"(1.0, 1.7708874310761153e-25, 7.073386712340129e-19, -0.22807017543859645)",0.5
"(0.99999643, 5.902958103587051e-26, 2.1220160137020373e-18, -0.22807017543859645)",0.5
"(0.99984997, 7.378697629483815e-25, 6.529280042160114e-18, -0.22807017543859634)",1.0
"(0.99998345, 1.0995116277759996e-14, 1.652779828467391e-10, -0.22807017458580162)",1.0
"(0.90934714, 2.417851639229256e-30, 1.1508471559554234e-21, -0.22807017543859653)",1.0
"(1.0, 1.416709944860892e-26, 1.149425340755271e-19, -0.22807017543859653)",0.5
"(0.99999643, 4.722366482869641e-27, 3.4482760222658107e-19, -0.22807017543859653)",0.5
"(0.99984997, 5.902958103587051e-26, 1.0610080068510186e-18, -0.22807017543859645)",1.0
"(0.99998345, 8.796093022207996e-16, 2.6857672212595103e-11, -0.2280701752802203)",0.5
"(0.90934714, 1.9342813113834046e-31, 1.8701266284275632e-22, -0.22807017543859653)",1.0
"(1.0, 1.1333679558887137e-27, 1.8678161787273153e-20, -0.22807017543859653)",0.5
"(0.99999643, 3.7778931862957126e-28, 5.603448536181943e-20, -0.22807017543859653)",0.5
"(0.99984997, 4.722366482869641e-27, 1.7241380111329053e-19, -0.22807017543859653)",1.0
"(0.99998345, 7.036874417766397e-17, 4.364371734546704e-12, -0.22807017540918378)",0.5
"(0.90934714, 1.5474250491067235e-32, 3.0389557711947905e-23, -0.22807017543859653)",1.0
"(1.0, 9.066943647109709e-29, 3.0352012904318874e-21, -0.22807017543859653)",0.5
"(0.99999643, 3.02231454903657e-29, 9.105603871295658e-21, -0.22807017543859653)",0.5
"(0.99984997, 3.7778931862957126e-28, 2.8017242680909715e-20, -0.22807017543859653)",1.0
"(0.99998345, 5.629499534213117e-18, 7.092104068638394e-13, -0.22807017543313413)",1.0
"(0.90934714, 1.2379400392853787e-33, 4.9383031281915346e-24, -0.22807017543859653)",1.0
"(1.0, 7.253554917687767e-30, 4.932202096951818e-22, -0.22807017543859653)",0.5
"(0.99999643, 2.417851639229256e-30, 1.4796606290855444e-21, -0.22807017543859653)",0.5
"(0.99984997, 3.02231454903657e-29, 4.552801935647829e-21, -0.22807017543859653)",1.0
"(0.99998345, 4.503599627370494e-19, 1.152466911153739e-13, -0.22807017543758204)",1.0
"(0.90934714, 9.90352031428303e-35, 8.024742583311244e-25, -0.22807017543859653)",1.0
"(1.0, 5.802843934150214e-31, 8.014828407546704e-23, -0.22807017543859653)",0.5
"(0.99999643, 1.9342813113834046e-31, 2.40444852226401e-22, -0.22807017543859653)",0.5
"(0.99984997, 2.417851639229256e-30, 7.398303145427722e-22, -0.22807017543859653)",1.0
"(0.99998345, 3.602879701896395e-20, 1.872758730624826e-14, -0.2280701754384081)",1.0
"(0.99998345, 0.08, 0.65, 0.18571428571428572)",1.0
"(0.90934714, 7.922816251426424e-36, 1.304020669788077e-25, -0.22807017543859653)",1.0
"(1.0, 4.642275147320171e-32, 1.3024096162263395e-23, -0.22807017543859653)",0.5
"(0.99999643, 1.5474250491067235e-32, 3.9072288486790164e-23, -0.22807017543859653)",0.5
"(0.99984997, 1.9342813113834046e-31, 1.202224261132005e-22, -0.22807017543859653)",1.0
"(0.99998345, 2.882303761517116e-21, 3.043232937265342e-15, -0.22807017543856148)",1.0
"(0.99998345, 0.0063999999999999994, 0.10562500000000001, -0.15122448979591838)",1.0
"(0.90934714, 6.338253001141139e-37, 2.1190335884056252e-26, -0.22807017543859653)",1.0
"(1.0, 3.713820117856137e-33, 2.1164156263678018e-24, -0.22807017543859653)",0.5
"(0.99999643, 1.2379400392853787e-33, 6.349246879103402e-24, -0.22807017543859653)",0.5
"(0.99984997, 1.5474250491067235e-32, 1.9536144243395082e-23, -0.22807017543859653)",1.0
"(0.99998345, 2.3058430092136924e-22, 4.945253523056181e-16, -0.22807017543858998)",1.0
"(0.99998345, 0.0005119999999999999, 0.017164062500000004, -0.21379883381924197)",1.0
"(0.90934714, 5.070602400912912e-38, 3.443429581159141e-27, -0.22807017543859653)",1.0
"(0.99980134, 0.08, 1.3, 0.18571428571428572)",0.5
"(0.99999643, 9.90352031428303e-35, 1.0317526178543028e-24, -0.22807017543859653)",0.5
"(0.99984997, 1.2379400392853787e-33, 3.174623439551701e-24, -0.22807017543859653)",1.0
"(0.99998345, 1.8446744073709538e-23, 8.036036974966294e-17, -0.22807017543859529)",1.0
"(0.99998345, 4.0959999999999994e-05, 0.002789160156250001, -0.22541978342357352)",1.0
"(0.90934714, 4.0564819207303295e-39, 5.595573069383604e-28, -0.22807017543859653)",0.5
"(0.99980134, 0.0063999999999999994, 0.21125000000000002, -0.15122448979591838)",0.5
"(0.99999643, 7.922816251426424e-36, 1.676598004013242e-25, -0.22807017543859653)",1.0
"(0.99984997, 9.90352031428303e-35, 5.158763089271514e-25, -0.22807017543859653)",1.0
"(0.99998345, 1.475739525896763e-24, 1.3058560084320228e-17, -0.22807017543859626)",1.0
"(0.99998345, 3.2767999999999993e-06, 0.00045323852539062517, -0.22757795977866369)",1.0
"(0.90934714, 3.2451855365842635e-40, 9.092806237748356e-29, -0.22807017543859653)",0.5
"(0.99980134, 0.0005119999999999999, 0.03432812500000001, -0.21379883381924197)",0.5
"(0.99999643, 6.338253001141139e-37, 2.7244717565215185e-26, -0.22807017543859653)",1.0
"(0.99984997, 7.922816251426424e-36, 8.38299002006621e-26, -0.22807017543859653)",1.0
"(0.99998345, 1.1805916207174102e-25, 2.1220160137020373e-18, -0.22807017543859645)",1.0
"(0.99998345, 2.6214399999999994e-07, 7.365126037597659e-05, -0.2279787639588947)",1.0
"(0.90934714, 2.5961484292674106e-41, 1.477581013634108e-29, -0.22807017543859653)",0.5
"(0.99980134, 4.0959999999999994e-05, 0.005578320312500002, -0.22541978342357352)",0.5
"(0.99999643, 5.070602400912912e-38, 4.427266604347468e-27, -0.22807017543859653)",1.0
"(0.99984997, 6.338253001141139e-37, 1.3622358782607592e-26, -0.22807017543859653)",1.0
"(0.99998345, 9.444732965739282e-27, 3.4482760222658107e-19, -0.22807017543859653)",1.0
"(0.99998345, 2.0971519999999997e-08, 1.1968329811096197e-05, -0.22805319902093757)",1.0
"(0.90934714, 2.0769187434139284e-42, 2.4010691471554256e-30, -0.22807017543859653)",1.0
"(0.99980134, 3.2767999999999993e-06, 0.0009064770507812503, -0.22757795977866369)",0.5
"(0.99999643, 4.0564819207303295e-39, 7.194308232064636e-28, -0.22807017543859653)",1.0
"(0.99984997, 5.070602400912912e-38, 2.213633302173734e-27, -0.22807017543859653)",1.0
"(0.99998345, 7.555786372591425e-28, 5.603448536181943e-20, -0.22807017543859653)",1.0
"(0.99998345, 1.6777215999999996e-09, 1.944853594303132e-06, -0.22806702267531698)",1.0
"(0.90934714, 1.6615349947311424e-43, 3.9017373641275666e-31, -0.22807017543859653)",1.0
"(0.99980134, 2.6214399999999994e-07, 0.00014730252075195318, -0.2279787639588947)",0.5
"(0.99999643, 3.2451855365842635e-40, 1.1690750877105034e-28, -0.22807017543859653)",1.0
"(0.99984997, 4.0564819207303295e-39, 3.597154116032318e-28, -0.22807017543859653)",1.0
"(0.99998345, 6.04462909807314e-29, 9.105603871295658e-21, -0.22807017543859653)",1.0
"(0.99998345, 1.3421772799999996e-10, 3.16038709074259e-07, -0.228069589925416)",1.0
"(0.90934714, 1.3292279957849138e-44, 6.340323216707296e-32, -0.22807017543859653)",1.0
"(0.99980134, 2.0971519999999997e-08, 2.3936659622192394e-05, -0.22805319902093757)",0.5
"(0.99999643, 2.5961484292674106e-41, 1.899747017529568e-29, -0.22807017543859653)",1.0
"(0.99984997, 3.2451855365842635e-40, 5.845375438552517e-29, -0.22807017543859653)",1.0
"(0.99998345, 4.835703278458512e-30, 1.4796606290855444e-21, -0.22807017543859653)",1.0
"(0.99998345, 1.0737418239999996e-11, 5.135629022456709e-08, -0.2280700667004344)",1.0
"(0.90934714, 1.063382396627931e-45, 1.0303025227149356e-32, -0.22807017543859653)",1.0
"(0.99980134, 1.6777215999999996e-09, 3.889707188606264e-06, -0.22806702267531698)",0.5
"(0.99999643, 2.0769187434139284e-42, 3.0870889034855483e-30, -0.22807017543859653)",1.0
"(0.99984997, 2.5961484292674106e-41, 9.49873508764784e-30, -0.22807017543859653)",1.0
"(0.99998345, 3.868562622766809e-31, 2.40444852226401e-22, -0.22807017543859653)",1.0
"(0.99998345, 8.589934591999996e-13, 8.345397161492152e-09, -0.22807015524436638)",1.0
"(0.90934714, 8.507059173023446e-47, 1.6742415994117703e-33, -0.22807017543859653)",1.0
"(0.99980134, 1.3421772799999996e-10, 6.32077418148518e-07, -0.228069589925416)",0.5
"(0.99999643, 1.6615349947311424e-43, 5.016519468164016e-31, -0.22807017543859653)",1.0
"(0.99984997, 2.0769187434139284e-42, 1.5435444517427742e-30, -0.22807017543859653)",1.0
"(0.99998345, 3.094850098213447e-32, 3.9072288486790164e-23, -0.22807017543859653)",1.0
"(0.99998345, 6.871947673599997e-14, 1.3561270387424747e-09, -0.22807017168823948)",1.0
"(0.99998345, 0.08, 0.0, 0.18571428571428572)",1.0
"(0.99729938, 0.0, 0.40625, 0.09285714285714286)",1.0
"(0.97299383, 0.5599999999999999, 0.48750000000000004, 0.37142857142857144)",0.5
"(0.99729938, 0.0, 0.06601562500000001, -0.16846938775510203)",1.0
"(0.97299383, 0.04479999999999999, 0.07921875, -0.11673469387755102)",0.5
"(0.99999643, 0.08, 0.3791666666666667, 0.0)",1.0
"(0.99729938, 0.0, 0.010727539062500001, -0.2170014577259475)",1.0
"(0.97299383, 0.003583999999999999, 0.012873046875, -0.20739358600583094)",1.0
"(0.99999643, 0.0063999999999999994, 0.06161458333333334, -0.18571428571428572)",1.0
"(0.99729938, 0.0, 0.0017432250976562502, -0.22601455643481883)",1.0
"(0.97299383, 0.0002867199999999999, 0.0020918701171875, -0.2242302374010829)",1.0
"(0.99999643, 0.0005119999999999999, 0.010012369791666668, -0.22020408163265306)",1.0
"(0.83796296, 0.08, 0.325, 0.18571428571428572)",1.0
"(0.99729938, 0.0, 0.0002832740783691407, -0.22768841762360922)",1.0
"(0.97299383, 2.2937599999999992e-05, 0.0003399288940429688, -0.22735704408877255)",1.0
"(0.99999643, 4.0959999999999994e-05, 0.0016270100911458336, -0.22660932944606416)",1.0
"(0.83796296, 0.0063999999999999994, 0.052812500000000005, -0.15122448979591838)",1.0
"(0.99729938, 0.0, 4.6032037734985366e-05, -0.22799927755867028)",1.0
"(0.97299383, 1.8350079999999992e-06, 5.523844528198243e-05, -0.22793773675934348)",1.0
"(0.99999643, 3.2767999999999993e-06, 0.00026438913981119796, -0.22779887546855476)",1.0
"(0.83796296, 0.0005119999999999999, 0.008582031250000002, -0.21379883381924197)",1.0
"(0.99729938, 0.0, 7.480206131935122e-06, -0.22805700868946735)",1.0
"(0.97299383, 1.4680063999999993e-07, 8.976247358322146e-06, -0.22804557968387812)",1.0
"(0.99999643, 2.6214399999999994e-07, 4.296323521931967e-05, -0.22801979115844587)",1.0
"(0.83796296, 4.0959999999999994e-05, 0.0013945800781250005, -0.22541978342357352)",0.5
"(0.99729938, 0.0, 1.2155334964394574e-06, -0.2280677301851868)",1.0
"(0.97299383, 1.1744051199999994e-08, 1.4586401957273488e-06, -0.22806560765557737)",1.0
"(0.99999643, 2.0971519999999997e-08, 6.981525723139446e-06, -0.2280608183579971)",1.0
"(0.83796296, 3.2767999999999993e-06, 0.00022661926269531259, -0.22757795977866369)",1.0
"(0.99729938, 0.0, 1.9752419317141184e-07, -0.2280697213201061)",1.0
"(0.97299383, 9.395240959999993e-10, 2.370290318056942e-07, -0.22806932713603578)",1.0
"(0.99999643, 1.6777215999999996e-09, 1.1344979300101602e-06, -0.2280684376950566)",1.0
"(0.83796296, 2.6214399999999994e-07, 3.6825630187988294e-05, -0.2279787639588947)",1.0
"(0.99729938, 0.0, 3.209768139035443e-08, -0.22807009110230544)",1.0
"(0.97299383, 7.516192767999994e-11, 3.851721766842531e-08, -0.22807001789669235)",1.0
"(0.99999643, 1.3421772799999996e-10, 1.8435591362665103e-07, -0.2280698527147962)",1.0
"(0.83796296, 2.0971519999999997e-08, 5.984164905548098e-06, -0.22805319902093757)",1.0
"(0.99729938, 0.0, 5.215873225932595e-09, -0.22807015977614245)",0.5
"(0.97299383, 6.0129542143999944e-12, 6.259047871119113e-09, -0.2280701461808143)",0.5
"(0.99999643, 1.0737418239999996e-11, 2.995783596433079e-08, -0.22807011550417644)",1.0
"(0.83796296, 1.6777215999999996e-09, 9.72426797151566e-07, -0.22806702267531698)",0.5
"(0.99729938, 0.0, 8.475793992140467e-10, -0.22807017252985504)",0.5
"(0.97299383, 4.810363371519995e-13, 1.017095279056856e-09, -0.22807017000500837)",0.5
"(0.99999643, 8.589934591999996e-13, 4.868148344203754e-09, -0.2280701643079185)",1.0
"(0.83796296, 1.3421772799999996e-10, 1.580193545371295e-07, -0.228069589925416)",0.5
"(0.99729938, 0.0, 1.3773165237228258e-10, -0.22807017489840167)",0.5
"(0.97299383, 3.8482906972159967e-14, 1.652779828467391e-10, -0.22807017442950153)",1.0
"(0.99999643, 6.871947673599997e-14, 7.9107410593311e-10, -0.2280701733714706)",1.0
"(0.83796296, 1.0737418239999996e-11, 2.5678145112283544e-08, -0.2280700667004344)",0.5
"(0.99729938, 0.0, 2.238139351049592e-11, -0.22807017533827462)",1.0
"(0.97299383, 3.0786325577727972e-15, 2.6857672212595103e-11, -0.22807017525119316)",1.0
"(0.99999643, 5.497558138879998e-15, 1.2854954221413038e-10, -0.22807017505470167)",1.0
"(0.83796296, 8.589934591999996e-13, 4.172698580746076e-09, -0.22807015524436638)",0.5
"(0.98953404, 0.08, 0.9750000000000001, 0.5571428571428572)",1.0
"(0.99729938, 0.0, 3.6369764454555873e-12, -0.22807017541996527)",0.5
"(0.97299383, 2.4629060462182377e-16, 4.364371734546704e-12, -0.22807017540379304)",1.0
"(0.99999643, 4.398046511103998e-16, 2.0889300609796185e-11, -0.22807017536730176)",1.0
"(0.83796296, 6.871947673599997e-14, 6.780635193712374e-10, -0.22807017168823948)",0.5
"(0.98953404, 0.0063999999999999994, 0.1584375, -0.08224489795918367)",1.0
"(0.99729938, 0.0, 5.910086723865329e-13, -0.2280701754351364)",0.5
"(0.97299383, 1.97032483697459e-17, 7.092104068638394e-13, -0.228070175432133)",1.0
"(0.99999643, 3.5184372088831984e-17, 3.3945113490918803e-12, -0.22807017542535607)",1.0
"(0.83796296, 5.497558138879998e-15, 1.1018532189782608e-10, -0.22807017474210162)",0.5
"(0.98953404, 0.0005119999999999999, 0.02574609375, -0.20098833819241985)",1.0
"(0.99729938, 0.0, 9.60389092628116e-14, -0.2280701754379539)",1.0
"(0.97299383, 1.576259869579672e-18, 1.152466911153739e-13, -0.22807017543739613)",1.0
"(0.99999643, 2.8147497671065586e-18, 5.516080942274306e-13, -0.22807017543613756)",1.0
"(0.83796296, 4.398046511103998e-16, 1.790511480839674e-11, -0.22807017530924747)",0.5
"(0.98953404, 4.0959999999999994e-05, 0.004183740234375, -0.22304069137859228)",0.5
"(0.99729938, 0.0, 1.5606322755206886e-14, -0.22807017543847716)",1.0
"(0.97299383, 1.2610078956637377e-19, 1.872758730624826e-14, -0.22807017543837357)",1.0
"(0.99999643, 2.251799813685247e-19, 8.963631531195747e-14, -0.22807017543813987)",1.0
"(0.83796296, 3.5184372088831984e-17, 2.9095811563644703e-12, -0.22807017541457456)",0.5
"(0.98953404, 3.2767999999999993e-06, 0.0006798577880859376, -0.22713612839888145)",0.5
"(0.99729938, 0.0, 2.5360274477211193e-15, -0.22807017543857433)",1.0
"(0.97299383, 1.0088063165309901e-20, 3.043232937265342e-15, -0.2280701754385551)",1.0
"(0.99999643, 1.8014398509481974e-20, 1.456590123819309e-14, -0.22807017543851169)",1.0
"(0.83796296, 2.8147497671065586e-18, 4.728069379092264e-13, -0.22807017543413532)",0.5
"(0.98953404, 2.6214399999999994e-07, 0.00011047689056396486, -0.2278967095597923)",0.5
"(0.99729938, 0.0, 4.121044602546819e-16, -0.22807017543859237)",1.0
"(0.97299383, 8.070450532247921e-22, 4.945253523056181e-16, -0.2280701754385888)",1.0
"(0.99999643, 1.441151880758558e-21, 2.3669589512063773e-15, -0.22807017543858074)",1.0
"(0.83796296, 2.251799813685247e-19, 7.68311274102493e-14, -0.228070175437768)",0.5
"(0.98953404, 2.0971519999999997e-08, 1.7952494716644292e-05, -0.22803796034681859)",0.5
"(0.99729938, 0.0, 6.69669747913858e-17, -0.22807017543859573)",1.0
"(0.97299383, 6.456360425798336e-23, 8.036036974966294e-17, -0.2280701754385951)",1.0
"(0.99999643, 1.1529215046068462e-22, 3.846308295710363e-16, -0.22807017543859356)",1.0
"(0.83796296, 1.8014398509481974e-20, 1.2485058204165513e-14, -0.22807017543844266)",0.5
"(0.98953404, 1.6777215999999996e-09, 2.9172803914546976e-06, -0.22806419263583774)",0.5
"(0.99729938, 0.0, 1.0882133403600194e-17, -0.22807017543859634)",0.5
"(0.97299383, 5.165088340638669e-24, 1.3058560084320228e-17, -0.22807017543859623)",1.0
"(0.99999643, 9.223372036854769e-24, 6.250250980529341e-17, -0.22807017543859598)",1.0
"(0.83796296, 1.441151880758558e-21, 2.028821958176896e-15, -0.22807017543856795)",0.5
"(0.98953404, 1.3421772799999996e-10, 4.740580636113884e-07, -0.22806906434665558)",0.5
"(0.99729938, 0.0, 1.7683466780850317e-18, -0.22807017543859645)",0.5
"(0.97299383, 4.132070672510935e-25, 2.1220160137020373e-18, -0.22807017543859645)",0.5
"(0.99999643, 7.378697629483815e-25, 1.0156657843360179e-17, -0.22807017543859637)",1.0
"(0.83796296, 1.1529215046068462e-22, 3.2968356820374564e-16, -0.22807017543859118)",0.5
"(0.98953404, 1.0737418239999996e-11, 7.703443533685062e-08, -0.22806996909295033)",0.5
"(0.99729938, 0.0, 2.8735633518881763e-19, -0.22807017543859653)",0.5
"(0.97299383, 3.305656538008748e-26, 3.4482760222658107e-19, -0.22807017543859653)",0.5
"(0.99999643, 5.902958103587051e-26, 1.6504568995460292e-18, -0.22807017543859645)",1.0
"(0.83796296, 9.223372036854769e-24, 5.357357983310867e-17, -0.2280701754385955)",0.5
"(0.98953404, 8.589934591999996e-13, 1.2518095742238227e-08, -0.2280701371172622)",0.5
"(0.99729938, 0.0, 4.669540446818287e-20, -0.22807017543859653)",0.5
"(0.97299383, 2.6445252304069984e-27, 5.603448536181943e-20, -0.22807017543859653)",0.5
"(0.99999643, 4.722366482869641e-27, 2.681992461762298e-19, -0.22807017543859653)",1.0
"(0.83796296, 7.378697629483815e-25, 8.705706722880158e-18, -0.2280701754385963)",0.5
"(0.98953404, 6.871947673599997e-14, 2.034190558113712e-09, -0.22807016832177726)",0.5
"(0.99729938, 0.0, 7.588003226079717e-21, -0.22807017543859653)",0.5
"(0.97299383, 2.115620184325599e-28, 9.105603871295658e-21, -0.22807017543859653)",0.5
"(0.99999643, 3.7778931862957126e-28, 4.358237750363734e-20, -0.22807017543859653)",0.5
"(0.83796296, 5.902958103587051e-26, 1.4146773424680258e-18, -0.22807017543859645)",0.5
"(0.98953404, 5.497558138879998e-15, 3.305559656934782e-10, -0.2280701741169015)",0.5
"(0.99729938, 0.0, 1.233050524237954e-21, -0.22807017543859653)",0.5
"(0.97299383, 1.692496147460479e-29, 1.4796606290855444e-21, -0.22807017543859653)",0.5
"(0.99999643, 3.02231454903657e-29, 7.082136344341068e-21, -0.22807017543859653)",0.5
"(0.83796296, 4.722366482869641e-27, 2.298850681510542e-19, -0.22807017543859653)",0.5
"(0.98953404, 4.398046511103998e-16, 5.3715344425190206e-11, -0.22807017519313888)",0.5
"(0.99729938, 0.0, 2.0037071018866754e-22, -0.22807017543859653)",0.5
"(0.97299383, 1.3539969179683832e-30, 2.40444852226401e-22, -0.22807017543859653)",0.5
"(0.99999643, 2.417851639229256e-30, 1.1508471559554234e-21, -0.22807017543859653)",0.5
"(0.83796296, 3.7778931862957126e-28, 3.7356323574546307e-20, -0.22807017543859653)",0.5
"(0.98953404, 3.5184372088831984e-17, 8.728743469093408e-12, -0.2280701753930115)",0.5
"(0.99729938, 0.0, 3.2560240405658477e-23, -0.22807017543859653)",0.5
"(0.97299383, 1.0831975343747066e-31, 3.9072288486790164e-23, -0.22807017543859653)",0.5
"(0.99999643, 1.9342813113834046e-31, 1.8701266284275632e-22, -0.22807017543859653)",0.5
"(0.83796296, 3.02231454903657e-29, 6.070402580863775e-21, -0.22807017543859653)",0.5
"(0.98953404, 2.8147497671065586e-18, 1.4184208137276788e-12, -0.2280701754301307)",0.5
"(0.97299383, 0.0, 0.325, 0.06190476190476189)",0.5
"(0.83796296, 0.16, 0.43333333333333335, 0.12380952380952383)",0.5
"(0.77854938, 0.08, 0.24375000000000002, 0.18571428571428572)",1.0
"(0.97299383, 0.0, 0.052812500000000005, -0.17421768707482993)",1.0
"(0.83796296, 0.012799999999999999, 0.07041666666666667, -0.16272108843537417)",0.5
"(0.77854938, 0.0063999999999999994, 0.039609375, -0.15122448979591838)",1.0
"(0.97299383, 0.0, 0.008582031250000002, -0.21806899902818272)",1.0
"(0.83796296, 0.0010239999999999997, 0.011442708333333334, -0.21593391642371237)",1.0
"(0.77854938, 0.0005119999999999999, 0.0064365234375, -0.21379883381924197)",1.0
"(0.97299383, 0.0, 0.0013945800781250005, -0.22621281410523394)",1.0
"(0.83796296, 8.191999999999999e-05, 0.0018594401041666668, -0.22581629876440376)",1.0
"(0.77854938, 4.0959999999999994e-05, 0.00104593505859375, -0.22541978342357352)",1.0
"(0.97299383, 0.0, 0.00022661926269531259, -0.22772523690525773)",1.0
"(0.83796296, 6.5535999999999985e-06, 0.00030215901692708336, -0.22765159834196066)",1.0
"(0.77854938, 3.2767999999999993e-06, 0.0001699644470214844, -0.22757795977866369)",1.0
"(0.97299383, 0.0, 3.6825630187988294e-05, -0.22800611542526217)",1.0
"(0.83796296, 5.242879999999999e-07, 4.910084025065105e-05, -0.22799243969207844)",1.0
"(0.77854938, 2.6214399999999994e-07, 2.7619222640991215e-05, -0.2279787639588947)",1.0
"(0.97299383, 0.0, 5.984164905548098e-06, -0.22805827857897726)",0.5
"(0.83796296, 4.1943039999999993e-08, 7.978886540730796e-06, -0.22805573879995744)",1.0
"(0.77854938, 2.0971519999999997e-08, 4.488123679161073e-06, -0.22805319902093757)",1.0
"(0.97299383, 0.0, 9.72426797151566e-07, -0.22806796602181006)",1.0
"(0.83796296, 3.355443199999999e-09, 1.2965690628687545e-06, -0.22806749434856355)",1.0
"(0.77854938, 1.6777215999999996e-09, 7.293200978636744e-07, -0.22806702267531698)",1.0
"(0.97299383, 0.0, 1.580193545371295e-07, -0.22806976511833618)",1.0
"(0.83796296, 2.684354559999999e-10, 2.1069247271617261e-07, -0.22806967752187612)",1.0
"(0.77854938, 1.3421772799999996e-10, 1.185145159028471e-07, -0.228069589925416)",1.0
"(0.97299383, 0.0, 2.5678145112283544e-08, -0.22807009923626242)",1.0
"(0.83796296, 2.1474836479999992e-11, 3.423752681637805e-08, -0.2280700829683484)",1.0
"(0.77854938, 1.0737418239999996e-11, 1.9258608834212655e-08, -0.2280700667004344)",1.0
"(0.97299383, 0.0, 4.172698580746076e-09, -0.22807016128673446)",1.0
"(0.83796296, 1.7179869183999993e-12, 5.563598107661433e-09, -0.22807015826555044)",1.0
"(0.77854938, 8.589934591999996e-13, 3.1295239355595567e-09, -0.22807015524436638)",1.0
"(0.97299383, 0.0, 6.780635193712374e-10, -0.22807017281039355)",0.5
"(0.83796296, 1.3743895347199994e-13, 9.04084692494983e-10, -0.2280701722493165)",1.0
"(0.77854938, 6.871947673599997e-14, 5.08547639528428e-10, -0.22807017168823948)",1.0
"(0.97299383, 0.0, 1.1018532189782608e-10, -0.22807017495050166)",0.5
"(0.83796296, 1.0995116277759996e-14, 1.4691376253043474e-10, -0.22807017484630165)",1.0
"(0.77854938, 5.497558138879998e-15, 8.263899142336955e-11, -0.22807017474210162)",1.0
"(0.97299383, 0.0, 1.790511480839674e-11, -0.2280701753479503)",0.5
"(0.83796296, 8.796093022207996e-16, 2.3873486411195644e-11, -0.22807017532859888)",1.0
"(0.77854938, 4.398046511103998e-16, 1.3428836106297552e-11, -0.22807017530924747)",0.5
"(0.97299383, 0.0, 2.9095811563644703e-12, -0.2280701754217622)",1.0
"(0.83796296, 7.036874417766397e-17, 3.879441541819292e-12, -0.22807017541816837)",1.0
"(0.77854938, 3.5184372088831984e-17, 2.182185867273352e-12, -0.22807017541457456)",0.5
"(0.97299383, 0.0, 4.728069379092264e-13, -0.22807017543547015)",1.0
"(0.83796296, 5.629499534213117e-18, 6.304092505456351e-13, -0.22807017543480274)",1.0
"(0.77854938, 2.8147497671065586e-18, 3.546052034319197e-13, -0.22807017543413532)",1.0
"(0.99984997, 0.0, 0.0, 0.1392857142857143)",1.0
"(0.99984997, 0.0, 0.0, -0.1598469387755102)",1.0
"(0.99984997, 0.0, 0.0, -0.21540014577259475)",1.0
"(0.93923611, 0.32, 0.325, 0.12380952380952383)",1.0
"(0.77854938, 0.08, 0.325, 0.18571428571428572)",0.0
"(0.99984997, 0.0, 0.0, -0.2257171699291962)",1.0
"(0.93923611, 0.025599999999999998, 0.052812500000000005, -0.16272108843537417)",0.5
"(0.77854938, 0.0063999999999999994, 0.052812500000000005, -0.15122448979591838)",0.0
"(0.99984997, 0.0, 0.0, -0.22763318870113644)",1.0
"(0.93923611, 0.0020479999999999995, 0.008582031250000002, -0.21593391642371237)",1.0
"(0.77854938, 0.0005119999999999999, 0.008582031250000002, -0.21379883381924197)",0.0
"(0.99984997, 0.0, 0.0, -0.2279890207587825)",1.0
"(0.93923611, 0.00016383999999999998, 0.0013945800781250005, -0.22581629876440376)",1.0
"(0.77854938, 4.0959999999999994e-05, 0.0013945800781250005, -0.22541978342357352)",0.0
"(0.99466336, 0.08, 0.0, 0.4642857142857143)",1.0
"(0.99984997, 0.0, 0.0, -0.22805510385520245)",1.0
"(0.93923611, 1.3107199999999997e-05, 0.00022661926269531259, -0.22765159834196066)",1.0
"(0.77854938, 3.2767999999999993e-06, 0.00022661926269531259, -0.22757795977866369)",0.0
"(0.99466336, 0.0063999999999999994, 0.0, -0.09948979591836735)",1.0
"(0.99984997, 0.0, 0.0, -0.2280673764302519)",1.0
"(0.93923611, 1.0485759999999998e-06, 3.6825630187988294e-05, -0.22799243969207844)",1.0
"(0.77854938, 2.6214399999999994e-07, 3.6825630187988294e-05, -0.2279787639588947)",0.0
"(0.99466336, 0.0005119999999999999, 0.0, -0.20419096209912538)",1.0
"(0.99984997, 0.0, 0.0, -0.22806965562276105)",1.0
"(0.93923611, 8.388607999999999e-08, 5.984164905548098e-06, -0.22805573879995744)",1.0
"(0.77854938, 2.0971519999999997e-08, 5.984164905548098e-06, -0.22805319902093757)",0.0
"(0.99466336, 4.0959999999999994e-05, 0.0, -0.22363546438983756)",1.0
"(0.99984997, 0.0, 0.0, -0.22807007890136993)",1.0
"(0.93923611, 6.710886399999998e-09, 9.72426797151566e-07, -0.22806749434856355)",1.0
"(0.77854938, 1.6777215999999996e-09, 9.72426797151566e-07, -0.22806702267531698)",0.0
"(0.99466336, 3.2767999999999993e-06, 0.0, -0.22724658624382696)",1.0
"(0.99984997, 0.0, 0.0, -0.2280701575102544)",1.0
"(0.93923611, 5.368709119999998e-10, 1.580193545371295e-07, -0.22806967752187612)",1.0
"(0.77854938, 1.3421772799999996e-10, 1.580193545371295e-07, -0.228069589925416)",0.0
"(0.99466336, 2.6214399999999994e-07, 0.0, -0.22791722315956786)",1.0
"(0.99984997, 0.0, 0.0, -0.22807017210904723)",1.0
"(0.93923611, 4.2949672959999985e-11, 2.5678145112283544e-08, -0.2280700829683484)",1.0
"(0.77854938, 1.0737418239999996e-11, 2.5678145112283544e-08, -0.2280700667004344)",0.0
"(0.99466336, 2.0971519999999997e-08, 0.0, -0.22804177001534834)",1.0
"(0.99984997, 0.0, 0.0, -0.22807017482025163)",1.0
"(0.93923611, 3.4359738367999986e-12, 4.172698580746076e-09, -0.22807015826555044)",1.0
"(0.77854938, 8.589934591999996e-13, 4.172698580746076e-09, -0.22807015524436638)",0.0
"(0.99466336, 1.6777215999999996e-09, 0.0, -0.22806490014570754)",1.0
"(0.99984997, 0.0, 0.0, -0.228070175323761)",1.0
"(0.93923611, 2.748779069439999e-13, 6.780635193712374e-10, -0.2280701722493165)",1.0
"(0.77854938, 6.871947673599997e-14, 6.780635193712374e-10, -0.22807017168823948)",0.0
"(0.99466336, 1.3421772799999996e-10, 0.0, -0.22806919574134568)",1.0
"(0.94773146, 0.08, 1.3, 1.0214285714285714)",0.5
"(0.99984997, 0.0, 0.0, -0.22807017541726993)",1.0
"(0.93923611, 2.199023255551999e-14, 1.1018532189782608e-10, -0.22807017484630165)",1.0
"(0.77854938, 5.497558138879998e-15, 1.1018532189782608e-10, -0.22807017474210162)",0.0
"(0.99466336, 1.0737418239999996e-11, 0.0, -0.22806999349482135)",1.0
"(0.94773146, 0.0063999999999999994, 0.21125000000000002, 0.00397959183673468)",0.5
"(0.99984997, 0.0, 0.0, -0.22807017543463584)",1.0
"(0.93923611, 1.7592186044415992e-15, 1.790511480839674e-11, -0.22807017532859888)",1.0
"(0.77854938, 4.398046511103998e-16, 1.790511480839674e-11, -0.22807017530924747)",0.0
"(0.99466336, 8.589934591999996e-13, 0.0, -0.22807014164903827)",1.0
"(0.99998345, 0.08, 0.9750000000000001, 0.18571428571428572)",1.0
"(0.99984997, 0.0, 0.0, -0.22807017543786096)",1.0
"(0.93923611, 1.4073748835532794e-16, 2.9095811563644703e-12, -0.22807017541816837)",1.0
"(0.77854938, 3.5184372088831984e-17, 2.9095811563644703e-12, -0.22807017541457456)",0.0
"(0.99466336, 6.871947673599997e-14, 0.0, -0.22807016916339282)",1.0
"(0.99998345, 0.0063999999999999994, 0.1584375, -0.15122448979591838)",1.0
"(0.99984997, 0.0, 0.0, -0.22807017543845987)",1.0
"(0.93923611, 1.1258999068426234e-17, 4.728069379092264e-13, -0.22807017543480274)",1.0
"(0.77854938, 2.8147497671065586e-18, 4.728069379092264e-13, -0.22807017543413532)",0.0
"(0.99466336, 5.497558138879998e-15, 0.0, -0.22807017427320153)",1.0
"(0.99998345, 0.0005119999999999999, 0.02574609375, -0.21379883381924197)",1.0
"(0.99984997, 0.0, 0.0, -0.22807017543857117)",1.0
"(0.93923611, 9.007199254740987e-19, 7.68311274102493e-14, -0.22807017543789193)",1.0
"(0.77854938, 2.251799813685247e-19, 7.68311274102493e-14, -0.228070175437768)",0.0
"(0.99466336, 4.398046511103998e-16, 0.0, -0.228070175222166)",1.0
"(0.99998345, 4.0959999999999994e-05, 0.004183740234375, -0.22541978342357352)",1.0
"(0.99984997, 0.0, 0.0, -0.2280701754385918)",1.0
"(0.93923611, 7.20575940379279e-20, 1.2485058204165513e-14, -0.22807017543846564)",1.0
"(0.77854938, 1.8014398509481974e-20, 1.2485058204165513e-14, -0.22807017543844266)",0.0
"(0.99466336, 3.5184372088831984e-17, 0.0, -0.22807017539840224)",1.0
"(0.99998345, 3.2767999999999993e-06, 0.0006798577880859376, -0.22757795977866369)",1.0
"(0.99984997, 0.0, 0.0, -0.22807017543859565)",1.0
"(0.93923611, 5.764607523034232e-21, 2.028821958176896e-15, -0.2280701754385722)",1.0
"(0.77854938, 1.441151880758558e-21, 2.028821958176896e-15, -0.22807017543856795)",0.0
"(0.99466336, 2.8147497671065586e-18, 0.0, -0.22807017543113187)",1.0
"(0.99998345, 2.6214399999999994e-07, 0.00011047689056396486, -0.2279787639588947)",1.0
"(0.99984997, 0.0, 0.0, -0.22807017543859634)",1.0
"(0.93923611, 4.611686018427385e-22, 3.2968356820374564e-16, -0.22807017543859198)",1.0
"(0.77854938, 1.1529215046068462e-22, 3.2968356820374564e-16, -0.22807017543859118)",0.0
"(0.99466336, 2.251799813685247e-19, 0.0, -0.2280701754372102)",1.0
"(0.99998345, 2.0971519999999997e-08, 1.7952494716644292e-05, -0.22805319902093757)",0.5
"(0.99984997, 0.0, 0.0, -0.22807017543859645)",1.0
"(0.93923611, 3.6893488147419075e-23, 5.357357983310867e-17, -0.22807017543859565)",1.0
"(0.77854938, 9.223372036854769e-24, 5.357357983310867e-17, -0.2280701754385955)",0.0
"(0.99466336, 1.8014398509481974e-20, 0.0, -0.22807017543833907)",1.0
"(0.99998345, 1.6777215999999996e-09, 2.9172803914546976e-06, -0.22806702267531698)",0.5
"(0.99984997, 0.0, 0.0, -0.22807017543859653)",1.0
"(0.93923611, 2.951479051793526e-24, 8.705706722880158e-18, -0.22807017543859634)",1.0
"(0.77854938, 7.378697629483815e-25, 8.705706722880158e-18, -0.2280701754385963)",0.0
"(0.99466336, 1.441151880758558e-21, 0.0, -0.2280701754385487)",1.0
"(0.99998345, 1.3421772799999996e-10, 4.740580636113884e-07, -0.228069589925416)",0.5
"(0.93923611, 2.3611832414348204e-25, 1.4146773424680258e-18, -0.22807017543859645)",1.0
"(0.77854938, 5.902958103587051e-26, 1.4146773424680258e-18, -0.22807017543859645)",0.0
"(0.99466336, 1.1529215046068462e-22, 0.0, -0.22807017543858765)",1.0
"(0.99998345, 1.0737418239999996e-11, 7.703443533685062e-08, -0.2280700667004344)",0.5
"(0.93923611, 1.8889465931478563e-26, 2.298850681510542e-19, -0.22807017543859653)",1.0
"(0.77854938, 4.722366482869641e-27, 2.298850681510542e-19, -0.22807017543859653)",0.0
"(0.99466336, 9.223372036854769e-24, 0.0, -0.22807017543859487)",1.0
"(0.99998345, 8.589934591999996e-13, 1.2518095742238227e-08, -0.22807015524436638)",0.5
"(0.93923611, 1.511157274518285e-27, 3.7356323574546307e-20, -0.22807017543859653)",1.0
"(0.77854938, 3.7778931862957126e-28, 3.7356323574546307e-20, -0.22807017543859653)",0.0
"(0.99466336, 7.378697629483815e-25, 0.0, -0.22807017543859623)",1.0
"(0.99998345, 6.871947673599997e-14, 2.034190558113712e-09, -0.22807017168823948)",0.5
"(0.93923611, 1.208925819614628e-28, 6.070402580863775e-21, -0.22807017543859653)",1.0
"(0.77854938, 3.02231454903657e-29, 6.070402580863775e-21, -0.22807017543859653)",0.0
"(0.99466336, 5.902958103587051e-26, 0.0, -0.22807017543859645)",1.0
"(0.99998345, 5.497558138879998e-15, 3.305559656934782e-10, -0.22807017474210162)",1.0
"(0.93923611, 9.671406556917024e-30, 9.864404193903635e-22, -0.22807017543859653)",1.0
"(0.77854938, 2.417851639229256e-30, 9.864404193903635e-22, -0.22807017543859653)",0.0
"(0.99466336, 4.722366482869641e-27, 0.0, -0.22807017543859653)",1.0
"(0.99998345, 4.398046511103998e-16, 5.3715344425190206e-11, -0.22807017530924747)",1.0
"(0.93923611, 7.737125245533618e-31, 1.6029656815093408e-22, -0.22807017543859653)",1.0
"(0.77854938, 1.9342813113834046e-31, 1.6029656815093408e-22, -0.22807017543859653)",0.0
"(0.99466336, 3.7778931862957126e-28, 0.0, -0.22807017543859653)",1.0
"(0.99998345, 3.5184372088831984e-17, 8.728743469093408e-12, -0.22807017541457456)",1.0
"(0.93923611, 6.189700196426894e-32, 2.604819232452679e-23, -0.22807017543859653)",1.0
"(0.77854938, 1.5474250491067235e-32, 2.604819232452679e-23, -0.22807017543859653)",0.0
"(0.99466336, 3.02231454903657e-29, 0.0, -0.22807017543859653)",1.0
"(0.99998345, 2.8147497671065586e-18, 1.4184208137276788e-12, -0.22807017543413532)",1.0
"(0.93923611, 4.951760157141515e-33, 4.2328312527356035e-24, -0.22807017543859653)",1.0
"(0.77854938, 1.2379400392853787e-33, 4.2328312527356035e-24, -0.22807017543859653)",0.0
"(0.99466336, 2.417851639229256e-30, 0.0, -0.22807017543859653)",1.0
"(0.99998345, 2.251799813685247e-19, 2.304933822307478e-13, -0.228070175437768)",1.0
"(0.93923611, 3.961408125713212e-34, 6.878350785695356e-25, -0.22807017543859653)",1.0
"(0.77854938, 9.90352031428303e-35, 6.878350785695356e-25, -0.22807017543859653)",0.0
"(0.99466336, 1.9342813113834046e-31, 0.0, -0.22807017543859653)",1.0
"(0.99998345, 1.8014398509481974e-20, 3.745517461249652e-14, -0.22807017543844266)",1.0
"(0.99906917, 0.08, 0.9750000000000001, 0.37142857142857144)",1.0
"(0.93923611, 3.1691265005705697e-35, 1.1177320026754954e-25, -0.22807017543859653)",1.0
"(0.77854938, 7.922816251426424e-36, 1.1177320026754954e-25, -0.22807017543859653)",0.0
"(0.99466336, 1.5474250491067235e-32, 0.0, -0.22807017543859653)",1.0
"(0.99998345, 1.441151880758558e-21, 6.086465874530684e-15, -0.22807017543856795)",1.0
"(0.99906917, 0.0063999999999999994, 0.1584375, -0.11673469387755102)",1.0
"(0.93923611, 2.5353012004564557e-36, 1.81631450434768e-26, -0.22807017543859653)",1.0
"(0.77854938, 6.338253001141139e-37, 1.81631450434768e-26, -0.22807017543859653)",0.0
"(0.99466336, 1.2379400392853787e-33, 0.0, -0.22807017543859653)",1.0
"(0.99998345, 1.1529215046068462e-22, 9.890507046112362e-16, -0.22807017543859118)",1.0
"(0.99906917, 0.0005119999999999999, 0.02574609375, -0.20739358600583094)",0.5
"(0.93923611, 2.0282409603651647e-37, 2.9515110695649802e-27, -0.22807017543859653)",1.0
"(0.77854938, 5.070602400912912e-38, 2.9515110695649802e-27, -0.22807017543859653)",0.0
"(0.99466336, 9.90352031428303e-35, 0.0, -0.22807017543859653)",1.0
"(0.99998345, 9.223372036854769e-24, 1.6072073949932588e-16, -0.2280701754385955)",1.0
"(0.99906917, 4.0959999999999994e-05, 0.004183740234375, -0.2242302374010829)",0.5
"(0.93923611, 1.6225927682921318e-38, 4.7962054880430925e-28, -0.22807017543859653)",1.0
"(0.77854938, 4.0564819207303295e-39, 4.7962054880430925e-28, -0.22807017543859653)",0.0
"(0.99466336, 7.922816251426424e-36, 0.0, -0.22807017543859653)",1.0
"(0.99998345, 7.378697629483815e-25, 2.6117120168640457e-17, -0.2280701754385963)",1.0
"(0.99906917, 3.2767999999999993e-06, 0.0006798577880859376, -0.22735704408877255)",0.5
"(0.93923611, 1.2980742146337054e-39, 7.793833918070026e-29, -0.22807017543859653)",1.0
"(0.77854938, 3.2451855365842635e-40, 7.793833918070026e-29, -0.22807017543859653)",0.0
"(0.99466336, 6.338253001141139e-37, 0.0, -0.22807017543859653)",1.0
"(0.99998345, 5.902958103587051e-26, 4.2440320274040746e-18, -0.22807017543859645)",1.0
"(0.99906917, 2.6214399999999994e-07, 0.00011047689056396486, -0.22793773675934348)",1.0
"(0.93923611, 1.0384593717069643e-40, 1.2664980116863794e-29, -0.22807017543859653)",1.0
"(0.77854938, 2.5961484292674106e-41, 1.2664980116863794e-29, -0.22807017543859653)",0.0
"(0.99466336, 5.070602400912912e-38, 0.0, -0.22807017543859653)",1.0
"(0.99998345, 4.722366482869641e-27, 6.896552044531621e-19, -0.22807017543859653)",1.0
"(0.99906917, 2.0971519999999997e-08, 1.7952494716644292e-05, -0.22804557968387812)",1.0
"(0.93923611, 8.307674973655713e-42, 2.0580592689903665e-30, -0.22807017543859653)",1.0
"(0.77854938, 2.0769187434139284e-42, 2.0580592689903665e-30, -0.22807017543859653)",0.0
"(0.99466336, 4.0564819207303295e-39, 0.0, -0.22807017543859653)",1.0
"(0.99998345, 3.7778931862957126e-28, 1.1206897072363886e-19, -0.22807017543859653)",1.0
"(0.99906917, 1.6777215999999996e-09, 2.9172803914546976e-06, -0.22806560765557737)",1.0
"(0.99729938, 0.32, 0.48750000000000004, 0.0)",1.0
"(0.99729938, 0.025599999999999998, 0.07921875, -0.18571428571428572)",1.0
"(0.83796296, 0.08, 0.8125, 0.18571428571428572)",0.5
"(0.99729938, 0.0020479999999999995, 0.012873046875, -0.22020408163265306)",1.0
"(0.83796296, 0.0063999999999999994, 0.13203125000000002, -0.15122448979591838)",0.5
"(0.93923611, 0.08, 0.8125, 0.4642857142857143)",0.5
"(0.99729938, 0.00016383999999999998, 0.0020918701171875, -0.22660932944606416)",1.0
"(0.83796296, 0.0005119999999999999, 0.021455078125000002, -0.21379883381924197)",0.5
"(0.93923611, 0.0063999999999999994, 0.13203125000000002, -0.09948979591836735)",0.5
"(0.99729938, 1.3107199999999997e-05, 0.0003399288940429688, -0.22779887546855476)",1.0
"(0.97529981, 0.0, 1.1375, 0.7428571428571429)",0.5
"(0.93923611, 0.0005119999999999999, 0.021455078125000002, -0.20419096209912538)",0.5
"(0.99729938, 1.0485759999999998e-06, 5.523844528198243e-05, -0.22801979115844587)",0.5
"(0.97529981, 0.0, 0.18484375, -0.04775510204081632)",0.5
"(0.93923611, 4.0959999999999994e-05, 0.0034864501953125004, -0.22363546438983756)",0.5
"(0.99729938, 8.388607999999999e-08, 8.976247358322146e-06, -0.2280608183579971)",0.5
"(0.97529981, 0.0, 0.030037109375000003, -0.19458309037900873)",0.5
"(0.93923611, 3.2767999999999993e-06, 0.0005665481567382814, -0.22724658624382696)",0.5
"(0.99729938, 6.710886399999998e-09, 1.4586401957273488e-06, -0.2280684376950566)",0.5
"(0.97529981, 0.0, 0.004881030273437501, -0.2218511453561016)",0.5
"(0.93923611, 2.6214399999999994e-07, 9.206407546997073e-05, -0.22791722315956786)",0.5
"(0.99729938, 5.368709119999998e-10, 2.370290318056942e-07, -0.2280698527147962)",0.5
"(0.97529981, 0.0, 0.0007931674194335939, -0.2269152127089903)",0.5
"(0.93923611, 2.0971519999999997e-08, 1.4960412263870244e-05, -0.22804177001534834)",0.5
"(0.99729938, 4.2949672959999985e-11, 3.851721766842531e-08, -0.22807011550417644)",0.5
"(0.97529981, 0.0, 0.00012888970565795902, -0.2278556823602411)",0.5
"(0.93923611, 1.6777215999999996e-09, 2.431066992878915e-06, -0.22806490014570754)",0.5
"(0.99729938, 3.4359738367999986e-12, 6.259047871119113e-09, -0.2280701643079185)",0.5
"(0.97529981, 0.0, 2.0944577169418343e-05, -0.22803034100975905)",0.5
"(0.93923611, 1.3421772799999996e-10, 3.9504838634282367e-07, -0.22806919574134568)",1.0
"(0.84387382, 0.0, 1.3, 0.9285714285714286)",0.5
"(0.97529981, 0.0, 3.4034937900304807e-06, -0.22806277761609814)",0.5
"(0.93923611, 1.0737418239999996e-11, 6.419536278070885e-08, -0.22806999349482135)",1.0
"(0.84387382, 0.0, 0.21125000000000002, -0.013265306122448974)",0.5
"(0.97529981, 0.0, 5.530677408799531e-07, -0.22806880155727538)",0.5
"(0.93923611, 8.589934591999996e-13, 1.043174645186519e-08, -0.22807014164903827)",1.0
"(0.84387382, 0.0, 0.03432812500000001, -0.18817784256559766)",0.5
"(0.97529981, 0.0, 8.987350789299239e-08, -0.22806992028920828)",0.5
"(0.93923611, 6.871947673599997e-14, 1.6951587984280934e-09, -0.22807016916339282)",1.0
"(0.84387382, 0.0, 0.005578320312500002, -0.220661599333611)",1.0
"(0.97529981, 0.0, 1.4604445032611264e-08, -0.22807012805371013)",0.5
"(0.93923611, 5.497558138879998e-15, 2.7546330474456517e-10, -0.22807017427320153)",1.0
"(0.84387382, 0.0, 0.0009064770507812503, -0.22669429701909918)",1.0
"(0.97529981, 0.0, 2.3732223177993304e-09, -0.22807016663854615)",1.0
"(0.93923611, 4.398046511103998e-16, 4.476278702099184e-11, -0.228070175222166)",1.0
"(0.84387382, 0.0, 0.00014730252075195318, -0.22781465516068988)",1.0
"(0.97529981, 0.0, 3.8564862664239123e-10, -0.22807017380430142)",1.0
"(0.93923611, 3.5184372088831984e-17, 7.273952890911175e-12, -0.22807017539840224)",1.0
"(0.84387382, 0.0, 2.3936659622192394e-05, -0.22802272167269957)",1.0
"(0.97529981, 0.0, 6.266790182938858e-11, -0.22807017513508457)",1.0
"(0.93923611, 2.8147497671065586e-18, 1.1820173447730658e-12, -0.22807017543113187)",1.0
"(0.84387382, 0.0, 3.889707188606264e-06, -0.22806136259635848)",1.0
"(0.97529981, 0.0, 1.0183534047275644e-11, -0.22807017538223)",1.0
"(0.93923611, 2.251799813685247e-19, 1.920778185256232e-13, -0.2280701754372102)",1.0
"(0.97299383, 0.0, 0.40625, 0.18571428571428572)",0.5
"(0.97299383, 0.0, 0.06601562500000001, -0.15122448979591838)",0.5
"(0.93923611, 0.24, 0.3791666666666667, 0.18571428571428572)",0.5
"(0.97299383, 0.0, 0.010727539062500001, -0.21379883381924197)",0.5
"(0.93923611, 0.0192, 0.06161458333333334, -0.15122448979591838)",1.0
"(0.97299383, 0.0, 0.0017432250976562502, -0.22541978342357352)",0.5
"(0.93923611, 0.0015359999999999998, 0.010012369791666668, -0.21379883381924197)",1.0
"(0.93923611, 0.08, 0.5416666666666667, 0.4642857142857143)",1.0
"(0.97299383, 0.0, 0.0002832740783691407, -0.22757795977866369)",0.5
"(0.93923611, 0.00012287999999999996, 0.0016270100911458336, -0.22541978342357352)",1.0
"(0.93923611, 0.0063999999999999994, 0.08802083333333335, -0.09948979591836735)",1.0
"(0.97299383, 0.0, 4.6032037734985366e-05, -0.2279787639588947)",0.5
"(0.93923611, 9.830399999999997e-06, 0.00026438913981119796, -0.22757795977866369)",1.0
"(0.93923611, 0.0005119999999999999, 0.01430338541666667, -0.20419096209912538)",1.0
"(0.97299383, 0.0, 7.480206131935122e-06, -0.22805319902093757)",0.5
"(0.93923611, 7.864319999999997e-07, 4.296323521931967e-05, -0.2279787639588947)",0.5
"(0.93923611, 4.0959999999999994e-05, 0.0023243001302083338, -0.22363546438983756)",1.0
"(0.97299383, 0.0, 1.2155334964394574e-06, -0.22806702267531698)",0.5
"(0.93923611, 6.291455999999997e-08, 6.981525723139446e-06, -0.22805319902093757)",1.0
"(0.93923611, 3.2767999999999993e-06, 0.00037769877115885426, -0.22724658624382696)",1.0
"(0.97299383, 0.0, 1.9752419317141184e-07, -0.228069589925416)",0.5
"(0.93923611, 5.033164799999997e-09, 1.1344979300101602e-06, -0.22806702267531698)",1.0
"(0.93923611, 2.6214399999999994e-07, 6.137605031331382e-05, -0.22791722315956786)",1.0
"(0.97299383, 0.0, 3.209768139035443e-08, -0.2280700667004344)",0.5
"(0.93923611, 4.0265318399999977e-10, 1.8435591362665103e-07, -0.228069589925416)",1.0
"(0.93923611, 2.0971519999999997e-08, 9.973608175913496e-06, -0.22804177001534834)",1.0
"(0.97299383, 0.0, 5.215873225932595e-09, -0.22807015524436638)",0.5
"(0.93923611, 3.221225471999998e-11, 2.995783596433079e-08, -0.2280700667004344)",1.0
"(0.93923611, 1.6777215999999996e-09, 1.620711328585943e-06, -0.22806490014570754)",1.0
"(0.47109073, 0.32, 0.0, 1.3)",0.0
"(0.97299383, 0.0, 8.475793992140467e-10, -0.22807017168823948)",0.5
"(0.93923611, 2.5769803775999983e-12, 4.868148344203754e-09, -0.22807015524436638)",1.0
"(0.93923611, 1.3421772799999996e-10, 2.633655908952158e-07, -0.22806919574134568)",1.0
"(0.47109073, 0.025599999999999998, 0.0, 0.05571428571428572)",0.0
"(0.97299383, 0.0, 1.3773165237228258e-10, -0.22807017474210162)",1.0
"(0.93923611, 2.0615843020799987e-13, 7.9107410593311e-10, -0.22807017168823948)",1.0
"(0.93923611, 1.0737418239999996e-11, 4.279690852047256e-08, -0.22806999349482135)",1.0
"(0.47109073, 0.0020479999999999995, 0.0, -0.17536734693877554)",0.0
"(0.88395347, 0.08, 1.3, 0.7428571428571429)",0.5
"(0.97299383, 0.0, 2.238139351049592e-11, -0.22807017530924747)",0.5
"(0.93923611, 1.6492674416639988e-14, 1.2854954221413038e-10, -0.22807017474210162)",1.0
"(0.93923611, 8.589934591999996e-13, 6.954497634576792e-09, -0.22807014164903827)",1.0
"(0.47109073, 0.00016383999999999998, 0.0, -0.21828250728862975)",0.0
"(0.88395347, 0.0063999999999999994, 0.21125000000000002, -0.04775510204081632)",0.5
"(0.97299383, 0.0, 3.6369764454555873e-12, -0.22807017541457456)",0.5
"(0.93923611, 1.319413953331199e-15, 2.0889300609796185e-11, -0.22807017530924747)",1.0
"(0.93923611, 6.871947673599997e-14, 1.1301058656187286e-09, -0.22807016916339282)",1.0
"(0.47109073, 1.3107199999999997e-05, 0.0, -0.22625246563931695)",0.0
"(0.88395347, 0.0005119999999999999, 0.03432812500000001, -0.19458309037900873)",0.5
"(0.97299383, 0.0, 5.910086723865329e-13, -0.22807017543413532)",0.5
"(0.93923611, 1.0555311626649591e-16, 3.3945113490918803e-12, -0.22807017541457456)",1.0
"(0.93923611, 5.497558138879998e-15, 1.836422031630434e-10, -0.22807017427320153)",1.0
"(0.47109073, 1.0485759999999998e-06, 0.0, -0.22773260076158747)",0.0
"(0.88395347, 4.0959999999999994e-05, 0.005578320312500002, -0.2218511453561016)",0.5
"(0.97299383, 0.0, 9.60389092628116e-14, -0.228070175437768)",0.5
"(0.93923611, 8.444249301319672e-18, 5.516080942274306e-13, -0.22807017543413532)",1.0
"(0.93923611, 4.398046511103998e-16, 2.9841858013994555e-11, -0.228070175222166)",1.0
"(0.47109073, 8.388607999999999e-08, 0.0, -0.22800748299858054)",0.0
"(0.88395347, 3.2767999999999993e-06, 0.0009064770507812503, -0.2269152127089903)",0.5
"(0.97299383, 0.0, 1.5606322755206886e-14, -0.22807017543844266)",0.5
"(0.93923611, 6.755399441055737e-19, 8.963631531195747e-14, -0.228070175437768)",1.0
"(0.93923611, 3.5184372088831984e-17, 4.849301927274116e-12, -0.22807017539840224)",1.0
"(0.47109073, 6.710886399999998e-09, 0.0, -0.22805853255687925)",0.0
"(0.88395347, 2.6214399999999994e-07, 0.00014730252075195318, -0.2278556823602411)",0.5
"(0.97299383, 0.0, 2.5360274477211193e-15, -0.22807017543856795)",0.5
"(0.93923611, 5.4043195528445895e-20, 1.456590123819309e-14, -0.22807017543844266)",1.0
"(0.93923611, 2.8147497671065586e-18, 7.880115631820438e-13, -0.22807017543113187)",1.0
"(0.47109073, 5.368709119999998e-10, 0.0, -0.22806801318913472)",0.0
"(0.88395347, 2.0971519999999997e-08, 2.3936659622192394e-05, -0.22803034100975905)",0.5
"(0.97299383, 0.0, 4.121044602546819e-16, -0.22807017543859118)",1.0
"(0.93923611, 4.3234556422756715e-21, 2.3669589512063773e-15, -0.22807017543856795)",1.0
"(0.93923611, 2.251799813685247e-19, 1.2805187901708212e-13, -0.2280701754372102)",1.0
"(0.47109073, 4.2949672959999985e-11, 0.0, -0.22806977387798213)",0.0
"(0.88395347, 1.6777215999999996e-09, 3.889707188606264e-06, -0.22806277761609814)",0.5
"(0.97299383, 0.0, 6.69669747913858e-17, -0.2280701754385955)",1.0
"(0.93923611, 3.4587645138205374e-22, 3.846308295710363e-16, -0.22807017543859118)",1.0
"(0.93923611, 1.8014398509481974e-20, 2.0808430340275846e-14, -0.22807017543833907)",1.0
"(0.47109073, 3.4359738367999986e-12, 0.0, -0.22807010086305385)",0.0
"(0.88395347, 1.3421772799999996e-10, 6.32077418148518e-07, -0.22806880155727538)",0.5
"(0.97299383, 0.0, 1.0882133403600194e-17, -0.2280701754385963)",1.0
"(0.93923611, 2.76701161105643e-23, 6.250250980529341e-17, -0.2280701754385955)",1.0
"(0.93923611, 1.441151880758558e-21, 3.381369930294825e-15, -0.2280701754385487)",1.0
"(0.47109073, 2.748779069439999e-13, 0.0, -0.22807016158885288)",0.0
"(0.88395347, 1.0737418239999996e-11, 1.0271258044913418e-07, -0.22806992028920828)",0.5
"(0.97299383, 0.0, 1.7683466780850317e-18, -0.22807017543859645)",1.0
"(0.93923611, 2.213609288845144e-24, 1.0156657843360179e-17, -0.2280701754385963)",1.0
"(0.93923611, 1.1529215046068462e-22, 5.49472613672909e-16, -0.22807017543858765)",1.0
"(0.47109073, 2.199023255551999e-14, 0.0, -0.22807017286650128)",0.0
"(0.88395347, 8.589934591999996e-13, 1.6690794322984305e-08, -0.22807012805371013)",1.0
"(0.97299383, 0.0, 2.8735633518881763e-19, -0.22807017543859653)",1.0
"(0.93923611, 1.7708874310761153e-25, 1.6504568995460292e-18, -0.22807017543859645)",1.0
"(0.93923611, 9.223372036854769e-24, 8.928929972184771e-17, -0.22807017543859487)",1.0
"(0.47109073, 1.7592186044415992e-15, 0.0, -0.2280701749609217)",0.0
"(0.88395347, 6.871947673599997e-14, 2.7122540774849495e-09, -0.22807016663854615)",1.0
"(0.97299383, 0.0, 4.669540446818287e-20, -0.22807017543859653)",1.0
"(0.93923611, 1.416709944860892e-26, 2.681992461762298e-19, -0.22807017543859653)",1.0
"(0.93923611, 7.378697629483815e-25, 1.4509511204800254e-17, -0.22807017543859623)",1.0
"(0.47109073, 1.4073748835532794e-16, 0.0, -0.22807017534988547)",0.0
"(0.88395347, 5.497558138879998e-15, 4.407412875913043e-10, -0.22807017380430142)",1.0
"(0.97299383, 0.0, 7.588003226079717e-21, -0.22807017543859653)",1.0
"(0.93923611, 1.1333679558887137e-27, 4.358237750363734e-20, -0.22807017543859653)",1.0
"(0.93923611, 5.902958103587051e-26, 2.3577955707800414e-18, -0.22807017543859645)",1.0
"(0.47109073, 1.1258999068426234e-17, 0.0, -0.22807017542212157)",0.0
"(0.88395347, 4.398046511103998e-16, 7.162045923358696e-11, -0.22807017513508457)",1.0
"(0.97299383, 0.0, 1.233050524237954e-21, -0.22807017543859653)",1.0
"(0.93923611, 9.066943647109709e-29, 7.082136344341068e-21, -0.22807017543859653)",1.0
"(0.93923611, 4.722366482869641e-27, 3.8314178025175673e-19, -0.22807017543859653)",1.0
"(0.47109073, 9.007199254740987e-19, 0.0, -0.22807017543553684)",0.0
"(0.88395347, 3.5184372088831984e-17, 1.1638324625457881e-11, -0.22807017538223)",1.0
"(0.97299383, 0.0, 2.0037071018866754e-22, -0.22807017543859653)",1.0
"(0.93923611, 7.253554917687767e-30, 1.1508471559554234e-21, -0.22807017543859653)",1.0
"(0.93923611, 3.7778931862957126e-28, 6.226053929091047e-20, -0.22807017543859653)",1.0
"(0.47109073, 7.20575940379279e-20, 0.0, -0.22807017543802827)",0.0
"(0.88395347, 2.8147497671065586e-18, 1.8912277516369057e-12, -0.22807017542812844)",1.0
"(0.97299383, 0.0, 3.2560240405658477e-23, -0.22807017543859653)",1.0
"(0.93923611, 5.802843934150214e-31, 1.8701266284275632e-22, -0.22807017543859653)",1.0
"(0.93923611, 3.02231454903657e-29, 1.0117337634772952e-20, -0.22807017543859653)",1.0
"(0.47109073, 5.764607523034232e-21, 0.0, -0.22807017543849098)",0.0
"(0.88395347, 2.251799813685247e-19, 3.073245096409972e-13, -0.22807017543665245)",1.0
"(0.97299383, 0.08, 0.325, 0.0)",0.5
"(0.97299383, 0.0063999999999999994, 0.052812500000000005, -0.18571428571428572)",0.5
"(0.97299383, 0.0005119999999999999, 0.008582031250000002, -0.22020408163265306)",1
"(0.83796296, 0.39999999999999997, 0.27083333333333337, 0.0)",0
"(0.97299383, 4.0959999999999994e-05, 0.0013945800781250005, -0.22660932944606416)",1
"(0.83796296, 0.031999999999999994, 0.04401041666666668, -0.18571428571428572)",0
"(0.97299383, 3.2767999999999993e-06, 0.00022661926269531259, -0.22779887546855476)",1
"(0.83796296, 0.0025599999999999993, 0.007151692708333335, -0.22020408163265306)",0
"(0.7428305, 0.08, 1.3, 0.8357142857142859)",1
"(0.97299383, 2.6214399999999994e-07, 3.6825630187988294e-05, -0.22801979115844587)",1
"(0.83796296, 0.00020479999999999994, 0.0011621500651041669, -0.22660932944606416)",0
"(0.7428305, 0.0063999999999999994, 0.21125000000000002, -0.030510204081632627)",1
"(0.97299383, 2.0971519999999997e-08, 5.984164905548098e-06, -0.2280608183579971)",1
"(0.83796296, 1.6383999999999994e-05, 0.00018884938557942713, -0.22779887546855476)",0
"(0.7428305, 0.0005119999999999999, 0.03432812500000001, -0.1913804664723032)",1
"(0.97299383, 1.6777215999999996e-09, 9.72426797151566e-07, -0.2280684376950566)",1
"(0.83796296, 1.3107199999999995e-06, 3.068802515665691e-05, -0.22801979115844587)",0
"(0.7428305, 4.0959999999999994e-05, 0.005578320312500002, -0.22125637234485632)",1
"(0.97299383, 1.3421772799999996e-10, 1.580193545371295e-07, -0.2280698527147962)",1
"(0.83796296, 1.0485759999999995e-07, 4.986804087956748e-06, -0.2280608183579971)",0
"(0.7428305, 3.2767999999999993e-06, 0.0009064770507812503, -0.22680475486404475)",1
