"(0.44349801756856566, 0.2005788847942651, 0.2193682101189004, 0.5046384172498438)",1.0
"(1.001021249621597, 0.6192378403146933, 0.0067898740257479225, 0.2503248487681761)",1.0
"(0.6016174017416073, 0.19128690239354484, 0.8174087273894431, 0.45457653937895603)",1.0
"(0.8672055024400576, 0.7337278355909813, 0.9409053411935088, 0.9864489946039243)",1.0
"(0.9554143148556596, 0.8959176878986035, 0.6150725247317123, 0.6445513565457212)",1.0
"(0.22623481296924441, 0.398491849797859, 0.6409084728294466, 0.34471036810333566)",1.0
"(0.39069656697192945, 0.47637258094785584, 0.8586252472962818, 0.2760596061622381)",1.0
"(0.5835564864042952, 0.012445716857810374, 0.4058763880093297, 0.5002556095683399)",1.0
"(0.8159024922590691, 0.5727823221794703, 0.16038402627051618, 0.9723053587136429)",1.0
"(0.534891897000333, 0.03307387657733385, 0.4344074958820172, 0.2714028410591829)",1.0
"(0.44367284, 0.08, 0.325, 0.18571428571428572)",0.0
"(0.15200617, 0.08, 0.48750000000000004, 0.37142857142857144)",1.0
"(0.4535751, 0.16, 0.0, 0.37142857142857144)",0.0
"(0.4535751, 0.0, 0.48750000000000004, 0.37142857142857144)",0.0
"(0.4535751, 0.012799999999999999, 0.0, -0.11673469387755102)",0.0
"(0.4535751, 0.0, 0.07921875, -0.11673469387755102)",0.0
"(0.83796296, 0.0, 0.1625, 0.0)",1.0
"(0.4535751, 0.0010239999999999997, 0.0, -0.20739358600583094)",0.0
"(0.4535751, 0.0, 0.012873046875, -0.20739358600583094)",0.0
"(0.83796296, 0.0, 0.026406250000000003, -0.18571428571428572)",1.0
"(0.97529981, 0.0, 0.65, 0.24761904761904766)",1.0
"(0.4535751, 8.191999999999999e-05, 0.0, -0.2242302374010829)",0.0
"(0.4535751, 0.0, 0.0020918701171875, -0.2242302374010829)",0.0
"(0.83796296, 0.0, 0.004291015625000001, -0.22020408163265306)",1.0
"(0.97529981, 0.0, 0.10562500000000001, -0.13972789115646259)",0.5
"(0.2424491, 0.0, 0.325, 0.9285714285714286)",0.0
"(0.4535751, 6.5535999999999985e-06, 0.0, -0.22735704408877255)",0.0
"(0.4535751, 0.0, 0.0003399288940429688, -0.22735704408877255)",0.0
"(0.4535751, 0.0, 0.325, 0.37142857142857144)",1.0
"(0.97529981, 0.0, 0.017164062500000004, -0.21166375121477163)",0.5
"(0.2424491, 0.0, 0.052812500000000005, -0.013265306122448974)",0.0
"(0.4535751, 5.242879999999999e-07, 0.0, -0.22793773675934348)",0.0
"(0.4535751, 0.0, 5.523844528198243e-05, -0.22793773675934348)",0.0
"(0.4535751, 0.0, 0.052812500000000005, -0.11673469387755102)",0.5
"(0.97529981, 0.0, 0.002789160156250001, -0.2250232680827433)",0.5
"(0.2424491, 0.0, 0.008582031250000002, -0.18817784256559766)",0.0
"(0.4535751, 4.1943039999999993e-08, 0.0, -0.22804557968387812)",0.0
"(0.4535751, 0.0, 8.976247358322146e-06, -0.22804557968387812)",0.0
"(0.4535751, 0.0, 0.008582031250000002, -0.20739358600583094)",0.5
"(0.97529981, 0.0, 0.00045323852539062517, -0.22750432121536662)",0.5
"(0.2424491, 0.0, 0.0013945800781250005, -0.220661599333611)",0.0
"(0.4535751, 3.355443199999999e-09, 0.0, -0.22806560765557737)",0.0
"(0.4535751, 0.0, 1.4586401957273488e-06, -0.22806560765557737)",0.0
"(0.4535751, 0.0, 0.0013945800781250005, -0.2242302374010829)",0.5
"(0.97529981, 0.0, 7.365126037597659e-05, -0.22796508822571096)",0.5
"(0.2424491, 0.0, 0.00022661926269531259, -0.22669429701909918)",0.0
"(0.4535751, 2.684354559999999e-10, 0.0, -0.22806932713603578)",1.0
"(0.4535751, 0.0, 2.370290318056942e-07, -0.22806932713603578)",0.0
"(0.4535751, 0.0, 0.00022661926269531259, -0.22735704408877255)",0.5
"(0.97529981, 0.0, 1.1968329811096197e-05, -0.22805065924191775)",0.5
"(0.2424491, 0.0, 3.6825630187988294e-05, -0.22781465516068988)",0.0
"(0.99729938, 0.08, 1.21875, 0.0)",0.5
"(0.4535751, 2.1474836479999992e-11, 0.0, -0.22807001789669235)",1.0
"(0.4535751, 0.0, 3.851721766842531e-08, -0.22807001789669235)",0.0
"(0.4535751, 0.0, 3.6825630187988294e-05, -0.22793773675934348)",0.5
"(0.97529981, 0.0, 1.944853594303132e-06, -0.22806655100207046)",0.5
"(0.2424491, 0.0, 5.984164905548098e-06, -0.22802272167269957)",0.0
"(0.99729938, 0.0063999999999999994, 0.198046875, -0.18571428571428572)",0.5
"(0.4535751, 1.7179869183999993e-12, 0.0, -0.2280701461808143)",1.0
"(0.4535751, 0.0, 6.259047871119113e-09, -0.2280701461808143)",0.0
"(0.4535751, 0.0, 5.984164905548098e-06, -0.22804557968387812)",0.5
"(0.97529981, 0.0, 3.16038709074259e-07, -0.22806950232895595)",0.5
"(0.2424491, 0.0, 9.72426797151566e-07, -0.22806136259635848)",0.0
"(0.99729938, 0.0005119999999999999, 0.032182617187500005, -0.22020408163265306)",0.5
"(0.4535751, 1.3743895347199994e-13, 0.0, -0.22807017000500837)",1.0
"(0.4535751, 0.0, 1.017095279056856e-09, -0.22807017000500837)",0.0
"(0.4535751, 0.0, 9.72426797151566e-07, -0.22806560765557737)",0.5
"(0.97529981, 0.0, 5.135629022456709e-08, -0.22807005043252038)",0.5
"(0.2424491, 0.0, 1.580193545371295e-07, -0.22806853876789515)",0.0
"(0.99729938, 4.0959999999999994e-05, 0.005229675292968751, -0.22660932944606416)",0.5
"(0.4535751, 1.0995116277759996e-14, 0.0, -0.22807017442950153)",1.0
"(0.4535751, 0.0, 1.652779828467391e-10, -0.22807017442950153)",0.0
"(0.4535751, 0.0, 1.580193545371295e-07, -0.22806932713603578)",0.5
"(0.97529981, 0.0, 8.345397161492152e-09, -0.22807015222318236)",0.5
"(0.2424491, 0.0, 2.5678145112283544e-08, -0.22806987148546623)",0.0
"(0.99729938, 3.2767999999999993e-06, 0.0008498222351074221, -0.22779887546855476)",0.5
"(0.4535751, 8.796093022207996e-16, 0.0, -0.22807017525119316)",1.0
"(0.4535751, 0.0, 2.6857672212595103e-11, -0.22807017525119316)",0.0
"(0.4535751, 0.0, 2.5678145112283544e-08, -0.22807001789669235)",0.5
"(0.97529981, 0.0, 1.3561270387424747e-09, -0.22807017112716244)",0.5
"(0.2424491, 0.0, 4.172698580746076e-09, -0.22807011899015803)",0.0
"(0.99729938, 2.6214399999999994e-07, 0.00013809611320495608, -0.22801979115844587)",0.5
"(0.4535751, 7.036874417766397e-17, 0.0, -0.22807017540379304)",1.0
"(0.4535751, 0.0, 4.364371734546704e-12, -0.22807017540379304)",0.0
"(0.4535751, 0.0, 4.172698580746076e-09, -0.2280701461808143)",0.5
"(0.97529981, 0.0, 2.2037064379565216e-10, -0.22807017463790158)",0.5
"(0.2424491, 0.0, 6.780635193712374e-10, -0.22807016495531504)",0.0
"(0.99729938, 2.0971519999999997e-08, 2.2440618395805363e-05, -0.2280608183579971)",0.5
"(0.4535751, 5.629499534213117e-18, 0.0, -0.228070175432133)",1.0
"(0.4535751, 0.0, 7.092104068638394e-13, -0.228070175432133)",0.0
"(0.4535751, 0.0, 6.780635193712374e-10, -0.22807017000500837)",0.5
"(0.97529981, 0.0, 3.581022961679348e-11, -0.228070175289896)",0.5
"(0.2424491, 0.0, 1.1018532189782608e-10, -0.22807017349170133)",0.0
"(0.99729938, 1.6777215999999996e-09, 3.6466004893183717e-06, -0.2280684376950566)",0.5
"(0.4535751, 4.503599627370494e-19, 0.0, -0.22807017543739613)",0.5
"(0.4535751, 0.0, 1.152466911153739e-13, -0.22807017543739613)",0.0
"(0.4535751, 0.0, 1.1018532189782608e-10, -0.22807017442950153)",0.5
"(0.97529981, 0.0, 5.8191623127289405e-12, -0.22807017541098068)",0.5
"(0.2424491, 0.0, 1.790511480839674e-11, -0.22807017507703023)",0.0
"(0.99729938, 1.3421772799999996e-10, 5.925725795142354e-07, -0.2280698527147962)",0.5
"(0.4535751, 0.08, 0.48750000000000004, 0.37142857142857144)",0.5
"(0.4535751, 0.0063999999999999994, 0.07921875, -0.11673469387755102)",0.5
"(0.93923611, 0.0, 0.325, 0.18571428571428572)",1.0
"(0.4535751, 0.0005119999999999999, 0.012873046875, -0.20739358600583094)",0.5
"(0.93923611, 0.0, 0.052812500000000005, -0.15122448979591838)",1.0
"(0.4535751, 4.0959999999999994e-05, 0.0020918701171875, -0.2242302374010829)",0.5
"(0.93923611, 0.0, 0.008582031250000002, -0.21379883381924197)",1.0
"(0.4535751, 3.2767999999999993e-06, 0.0003399288940429688, -0.22735704408877255)",0.5
"(0.93923611, 0.0, 0.0013945800781250005, -0.22541978342357352)",0.5
"(0.4535751, 2.6214399999999994e-07, 5.523844528198243e-05, -0.22793773675934348)",0.5
"(0.93923611, 0.0, 0.00022661926269531259, -0.22757795977866369)",0.5
"(0.4535751, 2.0971519999999997e-08, 8.976247358322146e-06, -0.22804557968387812)",1.0
"(0.93923611, 0.0, 3.6825630187988294e-05, -0.2279787639588947)",0.5
"(0.4535751, 1.6777215999999996e-09, 1.4586401957273488e-06, -0.22806560765557737)",1.0
"(0.93923611, 0.0, 5.984164905548098e-06, -0.22805319902093757)",0.5
"(0.4535751, 1.3421772799999996e-10, 2.370290318056942e-07, -0.22806932713603578)",0.0
"(0.93923611, 0.0, 9.72426797151566e-07, -0.22806702267531698)",1.0
"(0.4535751, 1.0737418239999996e-11, 3.851721766842531e-08, -0.22807001789669235)",0.0
"(0.93923611, 0.0, 1.580193545371295e-07, -0.228069589925416)",1.0
"(0.4535751, 8.589934591999996e-13, 6.259047871119113e-09, -0.2280701461808143)",0.0
"(0.93923611, 0.0, 2.5678145112283544e-08, -0.2280700667004344)",0.5
"(0.4535751, 6.871947673599997e-14, 1.017095279056856e-09, -0.22807017000500837)",0.0
"(0.93923611, 0.0, 4.172698580746076e-09, -0.22807015524436638)",1.0
"(0.4535751, 5.497558138879998e-15, 1.652779828467391e-10, -0.22807017442950153)",0.0
"(0.93923611, 0.0, 6.780635193712374e-10, -0.22807017168823948)",1.0
"(0.4535751, 4.398046511103998e-16, 2.6857672212595103e-11, -0.22807017525119316)",0.0
"(0.93923611, 0.0, 1.1018532189782608e-10, -0.22807017474210162)",1.0
"(1.0, 0.08, 1.3, 0.0)",1.0
"(0.4535751, 3.5184372088831984e-17, 4.364371734546704e-12, -0.22807017540379304)",0.0
"(0.93923611, 0.0, 1.790511480839674e-11, -0.22807017530924747)",1.0
"(1.0, 0.0063999999999999994, 0.21125000000000002, -0.18571428571428572)",1.0
"(0.4535751, 2.8147497671065586e-18, 7.092104068638394e-13, -0.228070175432133)",0.0
"(0.93923611, 0.0, 2.9095811563644703e-12, -0.22807017541457456)",1.0
"(1.0, 0.0005119999999999999, 0.03432812500000001, -0.22020408163265306)",1.0
"(0.99466336, 0.08, 0.325, 0.37142857142857144)",1.0
"(0.99466336, 0.0063999999999999994, 0.052812500000000005, -0.11673469387755102)",1.0
"(0.99466336, 0.0005119999999999999, 0.008582031250000002, -0.20739358600583094)",1.0
"(0.99906917, 0.08, 0.0, 0.37142857142857144)",1.0
"(0.99466336, 4.0959999999999994e-05, 0.0013945800781250005, -0.2242302374010829)",1.0
"(0.99906917, 0.0063999999999999994, 0.0, -0.11673469387755102)",1.0
"(0.4535751, 0.48, 0.48750000000000004, 0.37142857142857144)",0.5
"(0.4535751, 0.16, 0.48750000000000004, 0.37142857142857144)",0.0
"(0.4535751, 0.0384, 0.07921875, -0.11673469387755102)",0.5
"(0.4535751, 0.012799999999999999, 0.07921875, -0.11673469387755102)",0.0
"(0.15200617, 0.0, 0.325, 0.24761904761904766)",1.0
"(0.4535751, 0.0030719999999999996, 0.012873046875, -0.20739358600583094)",0.5
"(0.4535751, 0.0010239999999999997, 0.012873046875, -0.20739358600583094)",0.0
"(0.15200617, 0.0, 0.052812500000000005, -0.13972789115646259)",0.5
"(0.44367284, 0.08, 0.27083333333333337, 0.18571428571428572)",0.5
"(0.4535751, 0.0002457599999999999, 0.0020918701171875, -0.2242302374010829)",0.5
"(0.4535751, 8.191999999999999e-05, 0.0020918701171875, -0.2242302374010829)",0.0
"(0.15200617, 0.0, 0.008582031250000002, -0.21166375121477163)",0.5
"(0.44367284, 0.0063999999999999994, 0.04401041666666668, -0.15122448979591838)",0.5
"(0.4535751, 1.9660799999999993e-05, 0.0003399288940429688, -0.22735704408877255)",0.5
"(0.4535751, 6.5535999999999985e-06, 0.0003399288940429688, -0.22735704408877255)",0.0
"(0.15200617, 0.0, 0.0013945800781250005, -0.2250232680827433)",0.5
"(0.44367284, 0.0005119999999999999, 0.007151692708333335, -0.21379883381924197)",0.5
"(0.99821685, 0.08, 0.48750000000000004, 0.4333333333333334)",1.0
"(0.4535751, 1.5728639999999994e-06, 5.523844528198243e-05, -0.22793773675934348)",0.5
"(0.4535751, 5.242879999999999e-07, 5.523844528198243e-05, -0.22793773675934348)",0.0
"(0.15200617, 0.0, 0.00022661926269531259, -0.22750432121536662)",0.5
"(0.93923611, 0.08, 0.36562500000000003, 0.37142857142857144)",1.0
"(0.99821685, 0.0063999999999999994, 0.07921875, -0.10523809523809524)",0.5
"(0.4535751, 1.2582911999999994e-07, 8.976247358322146e-06, -0.22804557968387812)",0.5
"(0.4535751, 4.1943039999999993e-08, 8.976247358322146e-06, -0.22804557968387812)",0.0
"(0.15200617, 0.0, 3.6825630187988294e-05, -0.22796508822571096)",0.5
"(0.93923611, 0.0063999999999999994, 0.05941406250000001, -0.11673469387755102)",0.5
"(0.99821685, 0.0005119999999999999, 0.012873046875, -0.20525850340136054)",0.5
"(0.4535751, 1.0066329599999995e-08, 1.4586401957273488e-06, -0.22806560765557737)",0.5
"(0.4535751, 3.355443199999999e-09, 1.4586401957273488e-06, -0.22806560765557737)",0.0
"(0.15200617, 0.0, 5.984164905548098e-06, -0.22805065924191775)",0.5
"(0.93923611, 0.0005119999999999999, 0.009654785156250002, -0.20739358600583094)",0.5
"(0.99821685, 4.0959999999999994e-05, 0.0020918701171875, -0.22383372206025268)",0.5
"(0.77854938, 0.0, 0.325, 0.12380952380952383)",0.5
"(0.99729938, 0.24, 0.325, 0.0)",1.0
"(0.4535751, 8.053063679999995e-10, 2.370290318056942e-07, -0.22806932713603578)",0.5
"(0.4535751, 2.684354559999999e-10, 2.370290318056942e-07, -0.22806932713603578)",0.0
"(0.15200617, 0.0, 9.72426797151566e-07, -0.22806655100207046)",0.5
"(0.93923611, 4.0959999999999994e-05, 0.0015689025878906253, -0.2242302374010829)",0.5
"(0.99821685, 3.2767999999999993e-06, 0.0003399288940429688, -0.2272834055254755)",0.5
"(0.77854938, 0.0, 0.052812500000000005, -0.16272108843537417)",1.0
"(0.99729938, 0.0192, 0.052812500000000005, -0.18571428571428572)",1.0
"(0.4535751, 6.442450943999995e-11, 3.851721766842531e-08, -0.22807001789669235)",0.5
"(0.4535751, 2.1474836479999992e-11, 3.851721766842531e-08, -0.22807001789669235)",0.0
"(0.15200617, 0.0, 1.580193545371295e-07, -0.22806950232895595)",0.5
"(0.93923611, 3.2767999999999993e-06, 0.0002549466705322266, -0.22735704408877255)",0.5
"(0.99821685, 2.6214399999999994e-07, 5.523844528198243e-05, -0.22792406102615975)",0.5
"(0.77854938, 0.0, 0.008582031250000002, -0.21593391642371237)",1.0
"(0.99729938, 0.0015359999999999998, 0.008582031250000002, -0.22020408163265306)",1.0
"(0.45952825, 0.08, 0.771875, 0.5571428571428572)",0.0
"(0.4535751, 5.153960755199997e-12, 6.259047871119113e-09, -0.2280701461808143)",0.5
"(0.4535751, 1.7179869183999993e-12, 6.259047871119113e-09, -0.2280701461808143)",0.0
"(0.15200617, 0.0, 2.5678145112283544e-08, -0.22807005043252038)",0.5
"(0.93923611, 2.6214399999999994e-07, 4.1428833961486827e-05, -0.22793773675934348)",0.5
"(0.99821685, 2.0971519999999997e-08, 8.976247358322146e-06, -0.22804303990485822)",0.5
"(0.77854938, 0.0, 0.0013945800781250005, -0.22581629876440376)",0.5
"(0.99729938, 0.00012287999999999996, 0.0013945800781250005, -0.22660932944606416)",1.0
"(0.45952825, 0.0063999999999999994, 0.1254296875, -0.08224489795918367)",0.0
"(0.4535751, 4.1231686041599974e-13, 1.017095279056856e-09, -0.22807017000500837)",0.5
"(0.4535751, 1.3743895347199994e-13, 1.017095279056856e-09, -0.22807017000500837)",0.0
"(0.15200617, 0.0, 4.172698580746076e-09, -0.22807015222318236)",0.5
"(0.93923611, 2.0971519999999997e-08, 6.732185518741609e-06, -0.22804557968387812)",0.5
"(0.99821685, 1.6777215999999996e-09, 1.4586401957273488e-06, -0.22806513598233083)",0.5
"(0.93923611, 0.08, 0.325, 0.18571428571428572)",0.5
"(0.99729938, 9.830399999999997e-06, 0.00022661926269531259, -0.22779887546855476)",1.0
"(0.45952825, 0.0005119999999999999, 0.02038232421875, -0.20098833819241985)",0.0
"(0.4535751, 3.2985348833279976e-14, 1.652779828467391e-10, -0.22807017442950153)",0.5
"(0.4535751, 1.0995116277759996e-14, 1.652779828467391e-10, -0.22807017442950153)",0.0
"(0.15200617, 0.0, 6.780635193712374e-10, -0.22807017112716244)",0.5
"(0.93923611, 1.6777215999999996e-09, 1.0939801467955115e-06, -0.22806560765557737)",0.5
"(0.99821685, 1.3421772799999996e-10, 2.370290318056942e-07, -0.22806923953957575)",0.5
"(0.93923611, 0.0063999999999999994, 0.052812500000000005, -0.15122448979591838)",0.5
"(0.99729938, 7.864319999999997e-07, 3.6825630187988294e-05, -0.22801979115844587)",1.0
"(0.45952825, 4.0959999999999994e-05, 0.003312127685546875, -0.22304069137859228)",0.0
"(0.4535751, 2.638827906662398e-15, 2.6857672212595103e-11, -0.22807017525119316)",0.5
"(0.4535751, 8.796093022207996e-16, 2.6857672212595103e-11, -0.22807017525119316)",0.0
"(0.15200617, 0.0, 1.1018532189782608e-10, -0.22807017463790158)",0.5
"(0.93923611, 1.3421772799999996e-10, 1.7777177385427064e-07, -0.22806932713603578)",0.5
"(0.99821685, 1.0737418239999996e-11, 3.851721766842531e-08, -0.22807000162877836)",0.5
"(0.93923611, 0.0005119999999999999, 0.008582031250000002, -0.21379883381924197)",0.5
"(0.99729938, 6.291455999999997e-08, 5.984164905548098e-06, -0.2280608183579971)",1.0
"(0.45952825, 3.2767999999999993e-06, 0.0005382207489013672, -0.22713612839888145)",0.0
"(0.96153588, 0.08, 0.8125, 0.65)",0.5
"(0.69961639, 0.08, 1.1375, 0.7428571428571429)",0.5
"(0.4535751, 2.1110623253299182e-16, 4.364371734546704e-12, -0.22807017540379304)",0.5
"(0.4535751, 7.036874417766397e-17, 4.364371734546704e-12, -0.22807017540379304)",0.0
"(0.15200617, 0.0, 1.790511480839674e-11, -0.228070175289896)",0.5
"(0.93923611, 1.0737418239999996e-11, 2.888791325131898e-08, -0.22807001789669235)",0.5
"(0.99821685, 8.589934591999996e-13, 6.259047871119113e-09, -0.22807014315963028)",0.5
"(0.93923611, 4.0959999999999994e-05, 0.0013945800781250005, -0.22541978342357352)",0.5
"(0.99729938, 5.033164799999997e-09, 9.72426797151566e-07, -0.2280684376950566)",0.5
"(0.45952825, 2.6214399999999994e-07, 8.746087169647217e-05, -0.2278967095597923)",0.0
"(0.96153588, 0.0063999999999999994, 0.13203125000000002, -0.065)",0.5
"(0.69961639, 0.0063999999999999994, 0.18484375, -0.04775510204081632)",0.5
"(0.15200617, 0.0063999999999999994, 0.07921875, -0.11673469387755102)",0.5
"(0.83796296, 0.08, 0.48750000000000004, 0.18571428571428572)",1.0
"(0.99984997, 0.08, 0.0, 0.0)",1.0
"(0.03587963, 0.08, 0.0, 0.5571428571428572)",0.0
"(0.83796296, 0.0063999999999999994, 0.07921875, -0.15122448979591838)",1.0
"(0.99984997, 0.0063999999999999994, 0.0, -0.18571428571428572)",1.0
"(0.03587963, 0.0063999999999999994, 0.0, -0.08224489795918367)",0.0
"(0.83796296, 0.0005119999999999999, 0.012873046875, -0.21379883381924197)",1.0
"(0.83796296, 0.0, 0.0006972900390625002, -0.22660932944606416)",1.0
"(0.99984997, 0.0005119999999999999, 0.0, -0.22020408163265306)",1.0
"(0.03587963, 0.0005119999999999999, 0.0, -0.20098833819241985)",0.0
"(0.83796296, 4.0959999999999994e-05, 0.0020918701171875, -0.22541978342357352)",1.0
"(0.83796296, 0.0, 0.00011330963134765629, -0.22779887546855476)",1.0
"(0.99984997, 4.0959999999999994e-05, 0.0, -0.22660932944606416)",1.0
"(0.03587963, 4.0959999999999994e-05, 0.0, -0.22304069137859228)",0.0
"(0.71807842, 0.08, 0.325, 0.5571428571428572)",1.0
"(0.77854938, 0.39999999999999997, 0.24375000000000002, 0.18571428571428572)",0.5
"(0.77854938, 0.031999999999999994, 0.039609375, -0.15122448979591838)",1.0
"(0.83796296, 0.08, 0.21666666666666667, 0.09285714285714286)",0.5
"(0.90934714, 0.08, 0.5958333333333333, 0.5571428571428572)",0.5
"(0.77854938, 0.0025599999999999993, 0.0064365234375, -0.21379883381924197)",1.0
"(0.83796296, 0.0063999999999999994, 0.035208333333333335, -0.16846938775510203)",0.5
"(0.90934714, 0.0063999999999999994, 0.09682291666666668, -0.08224489795918367)",0.5
"(0.77854938, 0.00020479999999999994, 0.00104593505859375, -0.22541978342357352)",1.0
"(0.83796296, 0.0005119999999999999, 0.005721354166666667, -0.2170014577259475)",0.5
"(0.90934714, 0.0005119999999999999, 0.015733723958333334, -0.20098833819241985)",0.5
"(0.77854938, 1.6383999999999994e-05, 0.0001699644470214844, -0.22757795977866369)",0.5
"(0.99984997, 0.08, 0.48750000000000004, 0.18571428571428572)",1.0
"(0.90934714, 4.0959999999999994e-05, 0.002556730143229167, -0.22304069137859228)",0.5
"(0.90934714, 0.16, 0.325, 0.37142857142857144)",1.0
"(0.99984997, 0.0063999999999999994, 0.07921875, -0.15122448979591838)",0.5
"(0.90934714, 3.2767999999999993e-06, 0.00041546864827473966, -0.22713612839888145)",0.5
"(0.90934714, 0.012799999999999999, 0.052812500000000005, -0.11673469387755102)",0.5
"(0.99984997, 0.0005119999999999999, 0.012873046875, -0.21379883381924197)",0.5
"(0.90934714, 2.6214399999999994e-07, 6.75136553446452e-05, -0.2278967095597923)",0.5
"(0.03587963, 0.08, 0.325, 0.49523809523809526)",0.0
"(0.03587963, 0.0063999999999999994, 0.052812500000000005, -0.09374149659863946)",0.0
"(0.03587963, 0.0005119999999999999, 0.008582031250000002, -0.2031234207968902)",0.0
"(0.03587963, 4.0959999999999994e-05, 0.0013945800781250005, -0.22343720671942247)",0.0
"(0.03587963, 3.2767999999999993e-06, 0.00022661926269531259, -0.22720976696217848)",0.0
"(0.03587963, 2.6214399999999994e-07, 3.6825630187988294e-05, -0.227910385292976)",0.0
"(0.03587963, 2.0971519999999997e-08, 5.984164905548098e-06, -0.2280405001258384)",0.0
"(0.03587963, 1.6777215999999996e-09, 9.72426797151566e-07, -0.2280646643090843)",0.0
"(0.99466336, 0.08, 1.3, 0.7428571428571429)",0.5
"(0.03587963, 1.3421772799999996e-10, 1.580193545371295e-07, -0.22806915194311567)",0.0
"(0.99466336, 0.0063999999999999994, 0.21125000000000002, -0.04775510204081632)",0.5
"(0.27437553, 0.08, 1.0833333333333335, 1.3)",0.0
"(0.03587963, 1.0737418239999996e-11, 2.5678145112283544e-08, -0.22806998536086434)",0.0
"(0.99466336, 0.0005119999999999999, 0.03432812500000001, -0.19458309037900873)",0.5
"(0.27437553, 0.0063999999999999994, 0.1760416666666667, 0.05571428571428572)",0.0
"(1.0, 0.08, 0.7041666666666666, 0.5571428571428572)",0.5
"(0.03587963, 8.589934591999996e-13, 4.172698580746076e-09, -0.22807014013844626)",0.0
"(0.99466336, 4.0959999999999994e-05, 0.005578320312500002, -0.2218511453561016)",1.0
"(0.27437553, 0.0005119999999999999, 0.02860677083333334, -0.17536734693877554)",0.0
"(1.0, 0.0063999999999999994, 0.11442708333333333, -0.08224489795918367)",0.5
"(0.03587963, 6.871947673599997e-14, 6.780635193712374e-10, -0.22807016888285428)",0.0
"(0.99466336, 3.2767999999999993e-06, 0.0009064770507812503, -0.2269152127089903)",0.5
"(0.27437553, 4.0959999999999994e-05, 0.0046486002604166675, -0.21828250728862975)",0.0
"(0.99906917, 0.0, 0.65, 0.7892857142857143)",0.5
"(1.0, 0.0, 0.325, 0.49523809523809526)",1.0
"(0.03587963, 5.497558138879998e-15, 1.1018532189782608e-10, -0.22807017422110154)",0.0
"(0.99466336, 2.6214399999999994e-07, 0.00014730252075195318, -0.2278556823602411)",0.5
"(0.27437553, 3.2767999999999993e-06, 0.0007553975423177085, -0.22625246563931695)",0.0
"(0.99906917, 0.0, 0.10562500000000001, -0.039132653061224494)",0.5
"(1.0, 0.0, 0.052812500000000005, -0.09374149659863946)",0.5
"(0.03587963, 4.398046511103998e-16, 1.790511480839674e-11, -0.2280701752124903)",0.0
"(0.99466336, 2.0971519999999997e-08, 2.3936659622192394e-05, -0.22803034100975905)",0.5
"(0.27437553, 2.6214399999999994e-07, 0.00012275210062662764, -0.22773260076158747)",0.0
"(0.99906917, 0.0, 0.017164062500000004, -0.192981778425656)",0.5
"(1.0, 0.0, 0.008582031250000002, -0.2031234207968902)",0.5
"(0.03587963, 3.5184372088831984e-17, 2.9095811563644703e-12, -0.22807017539660535)",0.0
"(0.99466336, 1.6777215999999996e-09, 3.889707188606264e-06, -0.22806277761609814)",0.5
"(0.27437553, 2.0971519999999997e-08, 1.994721635182699e-05, -0.22800748299858054)",0.0
"(0.99906917, 0.0, 0.002789160156250001, -0.22155375885047898)",0.5
"(1.0, 0.0, 0.0013945800781250005, -0.22343720671942247)",0.5
"(0.03587963, 2.8147497671065586e-18, 4.728069379092264e-13, -0.22807017543079816)",0.0
"(0.99466336, 1.3421772799999996e-10, 6.32077418148518e-07, -0.22806880155727538)",0.5
"(0.27437553, 1.6777215999999996e-09, 3.241422657171886e-06, -0.22805853255687925)",0.0
"(0.99906917, 0.0, 0.00045323852539062517, -0.22685998378651753)",0.5
"(1.0, 0.0, 0.00022661926269531259, -0.22720976696217848)",0.5
"(0.9879401, 0.0, 0.7312500000000001, 0.4642857142857143)",0.5
"(0.03587963, 2.251799813685247e-19, 7.68311274102493e-14, -0.22807017543714822)",0.0
"(0.99466336, 1.0737418239999996e-11, 1.0271258044913418e-07, -0.22806992028920828)",0.5
"(0.27437553, 1.3421772799999996e-10, 5.267311817904316e-07, -0.22806801318913472)",0.0
"(0.99906917, 0.0, 7.365126037597659e-05, -0.22784542556035325)",0.5
"(1.0, 0.0, 3.6825630187988294e-05, -0.227910385292976)",0.5
"(0.9879401, 0.0, 0.11882812500000002, -0.09948979591836735)",0.5
"(0.03587963, 1.8014398509481974e-20, 1.2485058204165513e-14, -0.22807017543832753)",0.0
"(0.99466336, 8.589934591999996e-13, 1.6690794322984305e-08, -0.22807012805371013)",0.5
"(0.27437553, 1.0737418239999996e-11, 8.559381704094513e-08, -0.22806977387798213)",0.0
"(0.99906917, 0.0, 1.1968329811096197e-05, -0.22802843617549418)",0.5
"(1.0, 0.0, 5.984164905548098e-06, -0.2280405001258384)",0.5
"(0.9879401, 0.0, 0.019309570312500003, -0.20419096209912538)",0.5
"(0.90934714, 0.08, 0.48750000000000004, 0.37142857142857144)",0.5
"(0.03587963, 1.441151880758558e-21, 2.028821958176896e-15, -0.22807017543854657)",0.0
"(0.99466336, 6.871947673599997e-14, 2.7122540774849495e-09, -0.22807016663854615)",0.5
"(0.27437553, 8.589934591999996e-13, 1.3908995269153584e-08, -0.22807010086305385)",0.0
"(0.99906917, 0.0, 1.944853594303132e-06, -0.2280624238611632)",0.5
"(1.0, 0.0, 9.72426797151566e-07, -0.2280646643090843)",0.5
"(0.9879401, 0.0, 0.0031378051757812507, -0.22363546438983756)",0.5
"(0.90934714, 0.0063999999999999994, 0.07921875, -0.11673469387755102)",0.5
"(0.03587963, 1.1529215046068462e-22, 3.2968356820374564e-16, -0.2280701754385872)",0.0
"(0.99466336, 5.497558138879998e-15, 4.407412875913043e-10, -0.22807017380430142)",0.5
"(0.27437553, 6.871947673599997e-14, 2.2602117312374573e-09, -0.22807016158885288)",0.0
"(0.99906917, 0.0, 3.16038709074259e-07, -0.22806873585993032)",0.5
"(1.0, 0.0, 1.580193545371295e-07, -0.22806915194311567)",0.5
"(0.9879401, 0.0, 0.0005098933410644532, -0.22724658624382696)",0.5
"(0.90934714, 0.0005119999999999999, 0.012873046875, -0.20739358600583094)",0.5
"(0.44367284, 0.08, 0.48750000000000004, 0.4642857142857143)",0.0
"(0.44367284, 0.0063999999999999994, 0.07921875, -0.09948979591836735)",0.0
"(0.44367284, 0.0005119999999999999, 0.012873046875, -0.20419096209912538)",0.0
"(0.44367284, 4.0959999999999994e-05, 0.0020918701171875, -0.22363546438983756)",0.0
"(0.93923611, 0.08, 0.3791666666666667, 0.24761904761904766)",0.5
"(0.44367284, 3.2767999999999993e-06, 0.0003399288940429688, -0.22724658624382696)",0.0
"(0.93923611, 0.0063999999999999994, 0.06161458333333334, -0.13972789115646259)",0.5
"(0.44367284, 2.6214399999999994e-07, 5.523844528198243e-05, -0.22791722315956786)",0.0
"(0.93923611, 0.0005119999999999999, 0.010012369791666668, -0.21166375121477163)",0.5
"(0.99729938, 0.08, 0.56875, 0.18571428571428572)",0.5
"(0.99821685, 0.08, 0.43333333333333335, 0.18571428571428572)",1.0
"(0.44367284, 2.0971519999999997e-08, 8.976247358322146e-06, -0.22804177001534834)",0.0
"(0.93923611, 4.0959999999999994e-05, 0.0016270100911458336, -0.2250232680827433)",0.5
"(0.99729938, 0.0063999999999999994, 0.092421875, -0.15122448979591838)",0.5
"(0.99821685, 0.0063999999999999994, 0.07041666666666667, -0.15122448979591838)",0.5
"(0.44367284, 1.6777215999999996e-09, 1.4586401957273488e-06, -0.22806490014570754)",0.0
"(0.93923611, 3.2767999999999993e-06, 0.00026438913981119796, -0.22750432121536662)",0.5
"(0.99729938, 0.0005119999999999999, 0.015018554687500001, -0.21379883381924197)",0.5
"(0.97529981, 0.0, 0.5416666666666667, 0.37142857142857144)",0.5
"(0.44367284, 1.3421772799999996e-10, 2.370290318056942e-07, -0.22806919574134568)",0.0
"(0.93923611, 2.6214399999999994e-07, 4.296323521931967e-05, -0.22796508822571096)",0.5
"(0.99729938, 4.0959999999999994e-05, 0.0024405151367187503, -0.22541978342357352)",1.0
"(0.97529981, 0.0, 0.08802083333333335, -0.11673469387755102)",0.5
"(1.0, 0.16, 0.0, 0.18571428571428572)",1.0
"(0.83796296, 0.08, 0.325, 0.0)",0.5
"(0.97299383, 0.0, 0.48750000000000004, 0.18571428571428572)",1.0
"(1.0, 0.012799999999999999, 0.0, -0.15122448979591838)",1.0
"(0.83796296, 0.0063999999999999994, 0.052812500000000005, -0.18571428571428572)",0.5
"(0.97299383, 0.0, 0.07921875, -0.15122448979591838)",1.0
"(0.7428305, 0.08, 0.325, 0.37142857142857144)",1.0
"(1.0, 0.0010239999999999997, 0.0, -0.21379883381924197)",1.0
"(0.83796296, 0.0005119999999999999, 0.008582031250000002, -0.22020408163265306)",0.5
"(0.97299383, 0.0, 0.012873046875, -0.21379883381924197)",1.0
"(0.7428305, 0.0063999999999999994, 0.052812500000000005, -0.11673469387755102)",1.0
"(1.0, 8.191999999999999e-05, 0.0, -0.22541978342357352)",1.0
"(0.83796296, 4.0959999999999994e-05, 0.0013945800781250005, -0.22660932944606416)",1.0
"(0.97299383, 0.0, 0.0020918701171875, -0.22541978342357352)",1.0
"(0.7428305, 0.0005119999999999999, 0.008582031250000002, -0.20739358600583094)",1.0
"(1.0, 6.5535999999999985e-06, 0.0, -0.22757795977866369)",1.0
"(0.83796296, 3.2767999999999993e-06, 0.00022661926269531259, -0.22779887546855476)",1.0
"(0.97299383, 0.0, 0.0003399288940429688, -0.22757795977866369)",1.0
"(0.7428305, 4.0959999999999994e-05, 0.0013945800781250005, -0.2242302374010829)",1.0
"(1.0, 5.242879999999999e-07, 0.0, -0.2279787639588947)",1.0
"(0.83796296, 2.6214399999999994e-07, 3.6825630187988294e-05, -0.22801979115844587)",0.5
"(0.97299383, 0.0, 5.523844528198243e-05, -0.2279787639588947)",1.0
"(0.7428305, 3.2767999999999993e-06, 0.00022661926269531259, -0.22735704408877255)",1.0
"(1.0, 4.1943039999999993e-08, 0.0, -0.22805319902093757)",1.0
"(0.83796296, 2.0971519999999997e-08, 5.984164905548098e-06, -0.2280608183579971)",0.5
"(0.97299383, 0.0, 8.976247358322146e-06, -0.22805319902093757)",1.0
"(0.7428305, 2.6214399999999994e-07, 3.6825630187988294e-05, -0.22793773675934348)",1.0
"(0.97299383, 0.0, 0.325, 0.0)",0.5
"(0.97299383, 0.0, 0.052812500000000005, -0.18571428571428572)",0.5
"(0.7428305, 0.08, 0.48750000000000004, 0.4333333333333334)",0.5
"(0.97299383, 0.0, 0.008582031250000002, -0.22020408163265306)",0.5
"(0.7428305, 0.0063999999999999994, 0.07921875, -0.10523809523809524)",0.5
"(0.97299383, 0.0, 0.0013945800781250005, -0.22660932944606416)",0.5
"(0.7428305, 0.0005119999999999999, 0.012873046875, -0.20525850340136054)",0.5
"(0.97299383, 0.0, 0.00022661926269531259, -0.22779887546855476)",0.5
"(0.7428305, 4.0959999999999994e-05, 0.0020918701171875, -0.22383372206025268)",0.5
"(0.99821685, 0.08, 0.48750000000000004, 0.18571428571428572)",0.5
"(0.97299383, 0.0, 3.6825630187988294e-05, -0.22801979115844587)",0.5
"(0.7428305, 3.2767999999999993e-06, 0.0003399288940429688, -0.2272834055254755)",1.0
"(0.99821685, 0.0063999999999999994, 0.07921875, -0.15122448979591838)",0.5
"(0.97299383, 0.0, 5.984164905548098e-06, -0.2280608183579971)",0.5
"(0.7428305, 2.6214399999999994e-07, 5.523844528198243e-05, -0.22792406102615975)",0.5
"(0.93923611, 0.08, 0.43333333333333335, 0.18571428571428572)",1
"(0.97299383, 0.0, 9.72426797151566e-07, -0.2280684376950566)",0.5
"(0.7428305, 2.0971519999999997e-08, 8.976247358322146e-06, -0.22804303990485822)",0.5
"(0.93923611, 0.0063999999999999994, 0.07041666666666667, -0.15122448979591838)",0.5
"(0.97299383, 0.0, 1.580193545371295e-07, -0.2280698527147962)",0.5
"(0.7428305, 1.6777215999999996e-09, 1.4586401957273488e-06, -0.22806513598233083)",0.5
"(0.93923611, 0.0005119999999999999, 0.011442708333333334, -0.21379883381924197)",0.5
"(0.97299383, 0.0, 2.5678145112283544e-08, -0.22807011550417644)",0.5
"(0.7428305, 1.3421772799999996e-10, 2.370290318056942e-07, -0.22806923953957575)",0.5
"(0.93923611, 4.0959999999999994e-05, 0.0018594401041666668, -0.22541978342357352)",0.5
"(0.97299383, 0.0, 4.172698580746076e-09, -0.2280701643079185)",0.5
"(0.7428305, 1.0737418239999996e-11, 3.851721766842531e-08, -0.22807000162877836)",0.5
"(0.93923611, 3.2767999999999993e-06, 0.00030215901692708336, -0.22757795977866369)",0.5
"(0.83796296, 0.0, 0.5958333333333333, 0.18571428571428572)",0.5
"(0.83796296, 0.0, 0.09682291666666668, -0.15122448979591838)",0.5
"(0.83796296, 0.0, 0.015733723958333334, -0.21379883381924197)",0.5
"(0.7428305, 0.08, 0.48750000000000004, 0.37142857142857144)",1.0
"(0.7428305, 0.0063999999999999994, 0.07921875, -0.11673469387755102)",1.0
"(0.7428305, 0.0005119999999999999, 0.012873046875, -0.20739358600583094)",1.0
"(0.7428305, 4.0959999999999994e-05, 0.0020918701171875, -0.2242302374010829)",1.0
"(0.7428305, 3.2767999999999993e-06, 0.0003399288940429688, -0.22735704408877255)",1.0
"(0.7428305, 2.6214399999999994e-07, 5.523844528198243e-05, -0.22793773675934348)",1.0
"(0.83796296, 0.16, 0.7312500000000001, 0.09285714285714286)",0.0
"(0.83796296, 0.012799999999999999, 0.11882812500000002, -0.16846938775510203)",0.0
"(0.99984997, 0.16, 0.325, 0.18571428571428572)",1.0
"(0.7428305, 0.0, 0.48750000000000004, 0.37142857142857144)",1.0
"(0.83796296, 0.0010239999999999997, 0.019309570312500003, -0.2170014577259475)",0.0
"(0.99984997, 0.012799999999999999, 0.052812500000000005, -0.15122448979591838)",0.5
"(0.7428305, 0.0, 0.07921875, -0.11673469387755102)",0.5
"(0.93923611, 0.08, 1.1375, 0.18571428571428572)",0.5
"(0.83796296, 8.191999999999999e-05, 0.0031378051757812507, -0.22601455643481883)",0.0
"(0.99984997, 0.0010239999999999997, 0.008582031250000002, -0.21379883381924197)",0.5
"(0.7428305, 0.0, 0.012873046875, -0.20739358600583094)",0.5
"(0.93923611, 0.0063999999999999994, 0.18484375, -0.15122448979591838)",0.5
"(0.83796296, 6.5535999999999985e-06, 0.0005098933410644532, -0.22768841762360922)",0.0
"(0.99984997, 8.191999999999999e-05, 0.0013945800781250005, -0.22541978342357352)",0.5
"(0.7428305, 0.0, 0.0020918701171875, -0.2242302374010829)",0.5
"(0.93923611, 0.0005119999999999999, 0.030037109375000003, -0.21379883381924197)",0.5
"(0.99729938, 0.08, 0.48750000000000004, 0.09285714285714286)",1.0
"(0.83796296, 5.242879999999999e-07, 8.285766792297365e-05, -0.22799927755867028)",0.0
"(0.99984997, 6.5535999999999985e-06, 0.00022661926269531259, -0.22757795977866369)",1.0
"(0.7428305, 0.0, 0.0003399288940429688, -0.22735704408877255)",0.5
"(0.93923611, 4.0959999999999994e-05, 0.004881030273437501, -0.22541978342357352)",0.5
"(0.99729938, 0.0063999999999999994, 0.07921875, -0.16846938775510203)",0.5
"(0.83796296, 4.1943039999999993e-08, 1.3464371037483219e-05, -0.22805700868946735)",0.0
"(0.99984997, 5.242879999999999e-07, 3.6825630187988294e-05, -0.2279787639588947)",1.0
"(0.7428305, 0.0, 5.523844528198243e-05, -0.22793773675934348)",0.5
"(0.93923611, 3.2767999999999993e-06, 0.0007931674194335939, -0.22757795977866369)",0.5
"(0.99729938, 0.0005119999999999999, 0.012873046875, -0.2170014577259475)",0.5
"(0.83796296, 3.355443199999999e-09, 2.187960293591023e-06, -0.2280677301851868)",0.0
"(0.99984997, 4.1943039999999993e-08, 5.984164905548098e-06, -0.22805319902093757)",0.5
"(0.7428305, 0.0, 8.976247358322146e-06, -0.22804557968387812)",0.5
"(0.93923611, 2.6214399999999994e-07, 0.00012888970565795902, -0.2279787639588947)",1.0
"(0.99729938, 4.0959999999999994e-05, 0.0020918701171875, -0.22601455643481883)",0.5
"(0.83796296, 2.684354559999999e-10, 3.555435477085413e-07, -0.2280697213201061)",0.0
"(0.99984997, 3.355443199999999e-09, 9.72426797151566e-07, -0.22806702267531698)",0.5
"(0.7428305, 0.0, 1.4586401957273488e-06, -0.22806560765557737)",0.5
"(0.93923611, 2.0971519999999997e-08, 2.0944577169418343e-05, -0.22805319902093757)",0.5
"(0.99729938, 3.2767999999999993e-06, 0.0003399288940429688, -0.22768841762360922)",0.5
"(0.97299383, 0.0, 0.0, 0.18571428571428572)",1.0
"(0.97299383, 0.0, 0.0, -0.15122448979591838)",1.0
"(0.77854938, 0.08, 0.1625, 0.18571428571428572)",1.0
"(0.97299383, 0.0, 0.0, -0.21379883381924197)",1.0
"(0.77854938, 0.0063999999999999994, 0.026406250000000003, -0.15122448979591838)",1.0
"(0.97299383, 0.0, 0.0, -0.22541978342357352)",1.0
"(0.77854938, 0.0005119999999999999, 0.004291015625000001, -0.21379883381924197)",1.0
"(0.97299383, 0.0, 0.0, -0.22757795977866369)",0.5
"(0.77854938, 4.0959999999999994e-05, 0.0006972900390625002, -0.22541978342357352)",1.0
"(0.97299383, 0.0, 0.0, -0.2279787639588947)",0.5
"(0.77854938, 3.2767999999999993e-06, 0.00011330963134765629, -0.22757795977866369)",1.0
"(0.97299383, 0.0, 0.0, -0.22805319902093757)",0.5
"(0.77854938, 2.6214399999999994e-07, 1.8412815093994147e-05, -0.2279787639588947)",1.0
"(0.97299383, 0.0, 0.0, -0.22806702267531698)",0.5
"(0.77854938, 2.0971519999999997e-08, 2.992082452774049e-06, -0.22805319902093757)",1.0
"(0.97299383, 0.0, 0.0, -0.228069589925416)",0.5
"(0.77854938, 1.6777215999999996e-09, 4.86213398575783e-07, -0.22806702267531698)",1.0
"(0.99729938, 0.08, 0.48750000000000004, 0.0)",0.5
"(0.97299383, 0.0, 0.0, -0.2280700667004344)",0.5
"(0.77854938, 1.3421772799999996e-10, 7.900967726856475e-08, -0.228069589925416)",1.0
"(0.99729938, 0.0063999999999999994, 0.07921875, -0.18571428571428572)",0.5
"(0.97299383, 0.0, 0.0, -0.22807015524436638)",0.5
"(0.77854938, 1.0737418239999996e-11, 1.2839072556141772e-08, -0.2280700667004344)",1.0
"(0.99729938, 0.0005119999999999999, 0.012873046875, -0.22020408163265306)",0.5
"(0.99998345, 0.08, 0.89375, 0.18571428571428572)",1.0
"(0.97299383, 0.0, 0.0, -0.22807017168823948)",0.5
"(0.77854938, 8.589934591999996e-13, 2.086349290373038e-09, -0.22807015524436638)",1.0
"(0.99729938, 4.0959999999999994e-05, 0.0020918701171875, -0.22660932944606416)",0.5
"(0.99998345, 0.0063999999999999994, 0.145234375, -0.15122448979591838)",1.0
"(0.97299383, 0.0, 0.0, -0.22807017474210162)",0.5
"(0.77854938, 6.871947673599997e-14, 3.390317596856187e-10, -0.22807017168823948)",1.0
"(0.99729938, 3.2767999999999993e-06, 0.0003399288940429688, -0.22779887546855476)",0.5
"(0.99998345, 0.0005119999999999999, 0.0236005859375, -0.21379883381924197)",0.5
"(0.97299383, 0.0, 0.0, -0.22807017530924747)",0.5
"(0.77854938, 5.497558138879998e-15, 5.509266094891304e-11, -0.22807017474210162)",1.0
"(0.99729938, 2.6214399999999994e-07, 5.523844528198243e-05, -0.22801979115844587)",0.5
"(0.99998345, 4.0959999999999994e-05, 0.0038350952148437506, -0.22541978342357352)",0.5
"(0.97299383, 0.0, 0.0, -0.22807017541457456)",0.5
"(0.77854938, 4.398046511103998e-16, 8.95255740419837e-12, -0.22807017530924747)",1.0
"(0.99729938, 2.0971519999999997e-08, 8.976247358322146e-06, -0.2280608183579971)",0.5
"(0.99998345, 3.2767999999999993e-06, 0.0006232029724121095, -0.22757795977866369)",0.5
"(0.97299383, 0.0, 0.0, -0.22807017543413532)",0.5
"(0.77854938, 3.5184372088831984e-17, 1.4547905781822351e-12, -0.22807017541457456)",1.0
"(0.99729938, 1.6777215999999996e-09, 1.4586401957273488e-06, -0.2280684376950566)",0.5
"(0.99998345, 2.6214399999999994e-07, 0.0001012704830169678, -0.2279787639588947)",0.5
"(0.97299383, 0.0, 0.0, -0.228070175437768)",0.5
"(0.77854938, 2.8147497671065586e-18, 2.364034689546132e-13, -0.22807017543413532)",1.0
"(0.99729938, 1.3421772799999996e-10, 2.370290318056942e-07, -0.2280698527147962)",0.5
"(0.99998345, 2.0971519999999997e-08, 1.6456453490257268e-05, -0.22805319902093757)",0.5
"(0.97299383, 0.0, 0.0, -0.22807017543844266)",0.5
"(0.77854938, 2.251799813685247e-19, 3.841556370512465e-14, -0.228070175437768)",0.5
"(0.99729938, 1.0737418239999996e-11, 3.851721766842531e-08, -0.22807011550417644)",0.5
"(0.99998345, 1.6777215999999996e-09, 2.6741736921668062e-06, -0.22806702267531698)",0.5
"(0.97299383, 0.0, 0.0, -0.22807017543856795)",0.5
"(0.77854938, 1.8014398509481974e-20, 6.242529102082756e-15, -0.22807017543844266)",0.5
"(0.99729938, 8.589934591999996e-13, 6.259047871119113e-09, -0.2280701643079185)",0.5
"(0.99998345, 1.3421772799999996e-10, 4.34553224977106e-07, -0.228069589925416)",0.5
"(0.97299383, 0.0, 0.0, -0.22807017543859118)",0.5
"(0.77854938, 1.441151880758558e-21, 1.014410979088448e-15, -0.22807017543856795)",0.5
"(0.99729938, 6.871947673599997e-14, 1.017095279056856e-09, -0.2280701733714706)",0.5
"(0.99998345, 1.0737418239999996e-11, 7.061489905877972e-08, -0.2280700667004344)",0.5
"(0.97299383, 0.0, 0.0, -0.2280701754385955)",0.5
"(0.77854938, 1.1529215046068462e-22, 1.6484178410187282e-16, -0.22807017543859118)",0.5
"(0.99729938, 5.497558138879998e-15, 1.652779828467391e-10, -0.22807017505470167)",0.5
"(0.99998345, 8.589934591999996e-13, 1.1474921097051705e-08, -0.22807015524436638)",0.5
"(0.97299383, 0.0, 0.0, -0.2280701754385963)",0.5
"(0.77854938, 9.223372036854769e-24, 2.6786789916554335e-17, -0.2280701754385955)",0.5
"(0.99729938, 4.398046511103998e-16, 2.6857672212595103e-11, -0.22807017536730176)",0.5
"(0.99998345, 6.871947673599997e-14, 1.8646746782709023e-09, -0.22807017168823948)",0.5
"(0.97299383, 0.0, 0.0, -0.22807017543859645)",0.5
"(0.77854938, 7.378697629483815e-25, 4.352853361440079e-18, -0.2280701754385963)",0.5
"(0.99729938, 3.5184372088831984e-17, 4.364371734546704e-12, -0.22807017542535607)",0.5
"(0.99998345, 5.497558138879998e-15, 3.0300963521902166e-10, -0.22807017474210162)",0.5
"(0.99729938, 0.08, 0.24375000000000002, 0.0)",1.0
"(0.99729938, 0.0063999999999999994, 0.039609375, -0.18571428571428572)",0.5
"(0.99729938, 0.08, 0.5416666666666667, 0.2785714285714286)",0.5
"(0.99729938, 0.0063999999999999994, 0.08802083333333335, -0.1339795918367347)",0.5
"(0.99729938, 0.0005119999999999999, 0.01430338541666667, -0.21059620991253647)",0.5
"(0.99729938, 4.0959999999999994e-05, 0.0023243001302083338, -0.2248250104123282)",0.5
"(0.99729938, 3.2767999999999993e-06, 0.00037769877115885426, -0.2274675019337181)",0.5
"(0.99729938, 2.6214399999999994e-07, 6.137605031331382e-05, -0.22795825035911907)",0.5
"(0.44367284, 0.5599999999999999, 0.48750000000000004, 0.18571428571428572)",0.0
"(0.83796296, 0.08, 0.0, 0.0)",1.0
"(0.44367284, 0.04479999999999999, 0.07921875, -0.15122448979591838)",0.0
"(0.83796296, 0.0063999999999999994, 0.0, -0.18571428571428572)",1.0
"(0.44367284, 0.003583999999999999, 0.012873046875, -0.21379883381924197)",0.0
"(0.83796296, 0.0005119999999999999, 0.0, -0.22020408163265306)",0.5
"(0.44367284, 0.0002867199999999999, 0.0020918701171875, -0.22541978342357352)",0.0
"(0.83796296, 4.0959999999999994e-05, 0.0, -0.22660932944606416)",0.5
"(0.44367284, 2.2937599999999992e-05, 0.0003399288940429688, -0.22757795977866369)",0.0
"(0.83796296, 3.2767999999999993e-06, 0.0, -0.22779887546855476)",0.5
"(0.44367284, 1.8350079999999992e-06, 5.523844528198243e-05, -0.2279787639588947)",0.0
"(0.83796296, 2.6214399999999994e-07, 0.0, -0.22801979115844587)",0.5
"(0.44367284, 1.4680063999999993e-07, 8.976247358322146e-06, -0.22805319902093757)",0.0
"(0.83796296, 2.0971519999999997e-08, 0.0, -0.2280608183579971)",0.5
"(0.44367284, 1.1744051199999994e-08, 1.4586401957273488e-06, -0.22806702267531698)",0.0
"(0.83796296, 1.6777215999999996e-09, 0.0, -0.2280684376950566)",0.5
"(0.44367284, 9.395240959999993e-10, 2.370290318056942e-07, -0.228069589925416)",0.0
"(0.83796296, 1.3421772799999996e-10, 0.0, -0.2280698527147962)",0.5
"(0.44367284, 7.516192767999994e-11, 3.851721766842531e-08, -0.2280700667004344)",0.0
"(0.83796296, 1.0737418239999996e-11, 0.0, -0.22807011550417644)",0.5
"(0.44367284, 6.0129542143999944e-12, 6.259047871119113e-09, -0.22807015524436638)",0.0
"(0.83796296, 8.589934591999996e-13, 0.0, -0.2280701643079185)",0.5
"(0.44367284, 4.810363371519995e-13, 1.017095279056856e-09, -0.22807017168823948)",0.0
"(0.83796296, 6.871947673599997e-14, 0.0, -0.2280701733714706)",0.5
"(0.44367284, 3.8482906972159967e-14, 1.652779828467391e-10, -0.22807017474210162)",0.0
"(0.83796296, 5.497558138879998e-15, 0.0, -0.22807017505470167)",0.5
"(0.44367284, 3.0786325577727972e-15, 2.6857672212595103e-11, -0.22807017530924747)",0.0
"(0.83796296, 4.398046511103998e-16, 0.0, -0.22807017536730176)",0.5
"(0.44367284, 2.4629060462182377e-16, 4.364371734546704e-12, -0.22807017541457456)",0.0
"(0.83796296, 3.5184372088831984e-17, 0.0, -0.22807017542535607)",0.5
"(0.93923611, 0.0, 0.40625, 0.18571428571428572)",0.5
"(0.99729938, 0.0, 0.24375000000000002, 0.0)",1.0
"(0.99729938, 0.0, 0.039609375, -0.18571428571428572)",1.0
"(0.99729938, 0.0, 0.0064365234375, -0.22020408163265306)",1.0
"(0.99729938, 0.0, 0.00104593505859375, -0.22660932944606416)",1.0
"(0.99729938, 0.0, 0.0001699644470214844, -0.22779887546855476)",1.0
"(0.99729938, 0.0, 2.7619222640991215e-05, -0.22801979115844587)",1.0
"(0.99729938, 0.0, 4.488123679161073e-06, -0.2280608183579971)",1.0
"(0.99729938, 0.0, 7.293200978636744e-07, -0.2280684376950566)",1.0
"(0.99729938, 0.0, 1.185145159028471e-07, -0.2280698527147962)",1.0
"(0.99729938, 0.0, 1.9258608834212655e-08, -0.22807011550417644)",1.0
"(0.99729938, 0.0, 3.1295239355595567e-09, -0.2280701643079185)",1.0
"(0.84387382, 0.0, 0.48750000000000004, 0.9285714285714286)",1.0
"(0.9879401, 0.08, 0.1625, 0.24761904761904766)",1.0
"(0.7428305, 0.32, 0.0, 0.37142857142857144)",1.0
"(0.77854938, 0.08, 0.0, 0.18571428571428572)",0.0
"(0.03587963, 0.08, 0.56875, 0.4642857142857143)",0.0
"(0.9879401, 0.0063999999999999994, 0.026406250000000003, -0.13972789115646259)",1.0
"(0.7428305, 0.025599999999999998, 0.0, -0.11673469387755102)",1.0
"(0.77854938, 0.0063999999999999994, 0.0, -0.15122448979591838)",0.0
"(0.03587963, 0.0063999999999999994, 0.092421875, -0.09948979591836735)",0.0
"(0.86237652, 0.0, 0.325, 0.7428571428571429)",1.0
"(0.9879401, 0.0005119999999999999, 0.004291015625000001, -0.21166375121477163)",1.0
"(0.7428305, 0.0020479999999999995, 0.0, -0.20739358600583094)",1.0
"(0.77854938, 0.0005119999999999999, 0.0, -0.21379883381924197)",0.0
"(0.03587963, 0.0005119999999999999, 0.015018554687500001, -0.20419096209912538)",0.0
"(0.86237652, 0.0, 0.052812500000000005, -0.04775510204081632)",1.0
"(0.77854938, 0.16, 0.48750000000000004, 0.18571428571428572)",0.5
"(0.9879401, 4.0959999999999994e-05, 0.0006972900390625002, -0.2250232680827433)",0.5
"(0.7428305, 0.00016383999999999998, 0.0, -0.2242302374010829)",1.0
"(0.77854938, 4.0959999999999994e-05, 0.0, -0.22541978342357352)",0.0
"(0.03587963, 4.0959999999999994e-05, 0.0024405151367187503, -0.22363546438983756)",0.0
"(0.86237652, 0.0, 0.008582031250000002, -0.19458309037900873)",1.0
"(0.77854938, 0.012799999999999999, 0.07921875, -0.15122448979591838)",0.5
"(0.44367284, 0.08, 0.325, 0.09285714285714286)",1.0
"(0.7428305, 1.3107199999999997e-05, 0.0, -0.22735704408877255)",1.0
"(0.77854938, 3.2767999999999993e-06, 0.0, -0.22757795977866369)",0.0
"(0.03587963, 3.2767999999999993e-06, 0.00039658370971679694, -0.22724658624382696)",0.0
"(0.86237652, 0.0, 0.0013945800781250005, -0.2218511453561016)",1.0
"(0.77854938, 0.0010239999999999997, 0.012873046875, -0.21379883381924197)",0.5
"(0.44367284, 0.0063999999999999994, 0.052812500000000005, -0.16846938775510203)",1.0
"(0.7428305, 1.0485759999999998e-06, 0.0, -0.22793773675934348)",1.0
"(0.77854938, 2.6214399999999994e-07, 0.0, -0.2279787639588947)",0.0
"(0.03587963, 2.6214399999999994e-07, 6.444485282897951e-05, -0.22791722315956786)",0.0
"(0.86237652, 0.0, 0.00022661926269531259, -0.2269152127089903)",1.0
"(0.77854938, 8.191999999999999e-05, 0.0020918701171875, -0.22541978342357352)",0.5
"(0.44367284, 0.0005119999999999999, 0.008582031250000002, -0.2170014577259475)",1.0
"(0.7428305, 8.388607999999999e-08, 0.0, -0.22804557968387812)",1.0
"(0.77854938, 2.0971519999999997e-08, 0.0, -0.22805319902093757)",0.0
"(0.03587963, 2.0971519999999997e-08, 1.0472288584709171e-05, -0.22804177001534834)",0.0
"(0.86237652, 0.0, 3.6825630187988294e-05, -0.2278556823602411)",1.0
"(0.77854938, 6.5535999999999985e-06, 0.0003399288940429688, -0.22757795977866369)",0.5
"(0.44367284, 4.0959999999999994e-05, 0.0013945800781250005, -0.22601455643481883)",0.5
"(0.7428305, 6.710886399999998e-09, 0.0, -0.22806560765557737)",1.0
"(0.77854938, 1.6777215999999996e-09, 0.0, -0.22806702267531698)",0.0
"(0.03587963, 1.6777215999999996e-09, 1.7017468950152404e-06, -0.22806490014570754)",0.0
"(0.86237652, 0.0, 5.984164905548098e-06, -0.22803034100975905)",1.0
"(0.77854938, 5.242879999999999e-07, 5.523844528198243e-05, -0.2279787639588947)",0.5
"(0.44367284, 3.2767999999999993e-06, 0.00022661926269531259, -0.22768841762360922)",0.5
"(0.7428305, 5.368709119999998e-10, 0.0, -0.22806932713603578)",1.0
"(0.77854938, 1.3421772799999996e-10, 0.0, -0.228069589925416)",0.0
"(0.03587963, 1.3421772799999996e-10, 2.7653387043997656e-07, -0.22806919574134568)",0.0
"(0.86237652, 0.0, 9.72426797151566e-07, -0.22806277761609814)",1.0
"(0.77854938, 4.1943039999999993e-08, 8.976247358322146e-06, -0.22805319902093757)",0.5
"(0.44367284, 2.6214399999999994e-07, 3.6825630187988294e-05, -0.22799927755867028)",0.5
"(0.7428305, 4.2949672959999985e-11, 0.0, -0.22807001789669235)",1.0
"(0.77854938, 1.0737418239999996e-11, 0.0, -0.2280700667004344)",0.0
"(0.03587963, 1.0737418239999996e-11, 4.493675394649619e-08, -0.22806999349482135)",0.0
"(0.86237652, 0.0, 1.580193545371295e-07, -0.22806880155727538)",1.0
"(0.77854938, 3.355443199999999e-09, 1.4586401957273488e-06, -0.22806702267531698)",0.5
"(0.44367284, 2.0971519999999997e-08, 5.984164905548098e-06, -0.22805700868946735)",0.5
"(0.7428305, 3.4359738367999986e-12, 0.0, -0.2280701461808143)",1.0
"(0.77854938, 8.589934591999996e-13, 0.0, -0.22807015524436638)",0.0
"(0.03587963, 8.589934591999996e-13, 7.302222516305632e-09, -0.22807014164903827)",0.0
"(0.86237652, 0.0, 2.5678145112283544e-08, -0.22806992028920828)",1.0
"(0.77854938, 2.684354559999999e-10, 2.370290318056942e-07, -0.228069589925416)",1.0
"(0.44367284, 1.6777215999999996e-09, 9.72426797151566e-07, -0.2280677301851868)",0.5
"(0.7428305, 2.748779069439999e-13, 0.0, -0.22807017000500837)",1.0
"(0.77854938, 6.871947673599997e-14, 0.0, -0.22807017168823948)",0.0
"(0.03587963, 6.871947673599997e-14, 1.1866111588996652e-09, -0.22807016916339282)",0.0
"(0.86237652, 0.0, 4.172698580746076e-09, -0.22807012805371013)",1.0
"(0.77854938, 2.1474836479999992e-11, 3.851721766842531e-08, -0.2280700667004344)",0.5
"(0.45952825, 0.0, 0.0, 0.7428571428571429)",0.0
"(0.44367284, 1.3421772799999996e-10, 1.580193545371295e-07, -0.2280697213201061)",0.5
"(0.7428305, 2.199023255551999e-14, 0.0, -0.22807017442950153)",1.0
"(0.77854938, 5.497558138879998e-15, 0.0, -0.22807017474210162)",0.0
"(0.03587963, 5.497558138879998e-15, 1.9282431332119562e-10, -0.22807017427320153)",0.0
"(0.86237652, 0.0, 6.780635193712374e-10, -0.22807016663854615)",1.0
"(0.77854938, 1.7179869183999993e-12, 6.259047871119113e-09, -0.22807015524436638)",0.5
"(0.45952825, 0.0, 0.0, -0.04775510204081632)",0.0
"(0.44367284, 1.0737418239999996e-11, 2.5678145112283544e-08, -0.22807009110230544)",0.5
"(0.7428305, 1.7592186044415992e-15, 0.0, -0.22807017525119316)",1.0
"(0.77854938, 4.398046511103998e-16, 0.0, -0.22807017530924747)",0.0
"(0.99999643, 0.0, 1.2458333333333333, 0.7428571428571429)",0.5
"(0.86237652, 0.0, 1.1018532189782608e-10, -0.22807017380430142)",1.0
"(0.77854938, 1.3743895347199994e-13, 1.017095279056856e-09, -0.22807017168823948)",0.5
"(0.45952825, 0.0, 0.0, -0.19458309037900873)",0.0
"(0.44367284, 8.589934591999996e-13, 4.172698580746076e-09, -0.22807015977614245)",0.5
"(0.7428305, 1.4073748835532794e-16, 0.0, -0.22807017540379304)",1.0
"(0.77854938, 3.5184372088831984e-17, 0.0, -0.22807017541457456)",0.0
"(0.99999643, 0.0, 0.20244791666666667, -0.04775510204081632)",0.5
"(0.86237652, 0.0, 1.790511480839674e-11, -0.22807017513508457)",1.0
"(0.77854938, 1.0995116277759996e-14, 1.652779828467391e-10, -0.22807017474210162)",0.5
"(0.45952825, 0.0, 0.0, -0.2218511453561016)",0.0
"(0.44367284, 6.871947673599997e-14, 6.780635193712374e-10, -0.22807017252985504)",0.5
"(0.7428305, 1.1258999068426234e-17, 0.0, -0.228070175432133)",1.0
"(0.77854938, 2.8147497671065586e-18, 0.0, -0.22807017543413532)",0.0
"(0.99999643, 0.0, 0.032897786458333335, -0.19458309037900873)",0.5
"(0.86237652, 0.0, 2.9095811563644703e-12, -0.22807017538223)",1.0
"(0.77854938, 8.796093022207996e-16, 2.6857672212595103e-11, -0.22807017530924747)",0.5
"(0.45952825, 0.0, 0.0, -0.2269152127089903)",0.0
"(0.44367284, 5.497558138879998e-15, 1.1018532189782608e-10, -0.22807017489840167)",0.5
"(0.7428305, 9.007199254740987e-19, 0.0, -0.22807017543739613)",1.0
"(0.7428305, 0.08, 1.21875, 0.9904761904761905)",0.5
"(0.99999643, 0.0, 0.005345890299479167, -0.2218511453561016)",0.5
"(0.86237652, 0.0, 4.728069379092264e-13, -0.22807017542812844)",1.0
"(0.77854938, 7.036874417766397e-17, 4.364371734546704e-12, -0.22807017541457456)",0.5
"(0.45952825, 0.0, 0.0, -0.2278556823602411)",0.0
"(0.44367284, 4.398046511103998e-16, 1.790511480839674e-11, -0.22807017533827462)",0.5
"(0.7428305, 7.20575940379279e-20, 0.0, -0.22807017543837357)",1.0
"(0.7428305, 0.0063999999999999994, 0.198046875, -0.001768707482993191)",0.5
"(0.99999643, 0.0, 0.0008687071736653647, -0.2269152127089903)",0.5
"(0.86237652, 0.0, 7.68311274102493e-14, -0.22807017543665245)",1.0
"(0.77854938, 5.629499534213117e-18, 7.092104068638394e-13, -0.22807017543413532)",0.5
"(0.45952825, 0.0, 0.0, -0.22803034100975905)",0.0
"(0.96153588, 0.08, 1.3, 0.8357142857142859)",1.0
"(0.44367284, 3.5184372088831984e-17, 2.9095811563644703e-12, -0.22807017541996527)",0.5
"(0.7428305, 5.764607523034232e-21, 0.0, -0.2280701754385551)",1.0
"(0.7428305, 0.0005119999999999999, 0.032182617187500005, -0.18604275996112732)",0.5
"(0.99999643, 0.0, 0.00014116491572062177, -0.2278556823602411)",0.5
"(0.86237652, 0.0, 1.2485058204165513e-14, -0.2280701754382355)",1.0
"(0.77854938, 4.503599627370494e-19, 1.152466911153739e-13, -0.228070175437768)",0.5
"(0.45952825, 0.0, 0.0, -0.22806277761609814)",0.0
"(0.96153588, 0.0063999999999999994, 0.21125000000000002, -0.030510204081632627)",0.5
"(0.44367284, 2.8147497671065586e-18, 4.728069379092264e-13, -0.2280701754351364)",0.5
"(0.7428305, 4.611686018427385e-22, 0.0, -0.2280701754385888)",1.0
"(0.7428305, 4.0959999999999994e-05, 0.005229675292968751, -0.22026508399278083)",0.5
"(0.99999643, 0.0, 2.293929880460104e-05, -0.22803034100975905)",0.5
"(0.86237652, 0.0, 2.028821958176896e-15, -0.22807017543852945)",1.0
"(0.77854938, 3.602879701896395e-20, 1.872758730624826e-14, -0.22807017543844266)",0.5
"(0.45952825, 0.0, 0.0, -0.22806880155727538)",0.0
"(0.96153588, 0.0005119999999999999, 0.03432812500000001, -0.1913804664723032)",0.5
"(0.44367284, 2.251799813685247e-19, 7.68311274102493e-14, -0.2280701754379539)",0.5
"(0.7428305, 3.6893488147419075e-23, 0.0, -0.2280701754385951)",1.0
"(0.67345564, 0.08, 1.3, 1.1142857142857143)",1.0
"(0.99999643, 0.0, 3.727636055747669e-06, -0.22806277761609814)",0.5
"(0.86237652, 0.0, 3.2968356820374564e-16, -0.22807017543858404)",1.0
"(0.77854938, 2.882303761517116e-21, 3.043232937265342e-15, -0.22807017543856795)",0.5
"(0.45952825, 0.0, 0.0, -0.22806992028920828)",0.0
"(0.96153588, 4.0959999999999994e-05, 0.005578320312500002, -0.22125637234485632)",0.5
"(0.99906917, 0.08, 0.7312500000000001, 0.4333333333333334)",0.5
"(0.44367284, 1.8014398509481974e-20, 1.2485058204165513e-14, -0.22807017543847716)",0.5
"(0.7428305, 2.951479051793526e-24, 0.0, -0.22807017543859623)",1.0
"(0.67345564, 0.0063999999999999994, 0.21125000000000002, 0.021224489795918376)",0.5
"(0.99999643, 0.0, 6.057408590589962e-07, -0.22806880155727538)",0.5
"(0.86237652, 0.0, 5.357357983310867e-17, -0.2280701754385942)",1.0
"(0.77854938, 2.3058430092136924e-22, 4.945253523056181e-16, -0.22807017543859118)",0.5
"(0.45952825, 0.0, 0.0, -0.22807012805371013)",0.0
"(0.96153588, 3.2767999999999993e-06, 0.0009064770507812503, -0.22680475486404475)",0.5
"(0.47109073, 0.0, 0.1625, 1.3)",0.0
"(0.44367284, 1.441151880758558e-21, 2.028821958176896e-15, -0.22807017543857433)",0.5
"(0.7428305, 2.3611832414348204e-25, 0.0, -0.22807017543859645)",1.0
"(0.67345564, 0.0005119999999999999, 0.03432812500000001, -0.18177259475218657)",0.5
"(0.99999643, 0.0, 9.843288959708689e-08, -0.22806992028920828)",0.5
"(0.86237652, 0.0, 8.705706722880158e-18, -0.22807017543859606)",1.0
"(0.77854938, 1.8446744073709538e-23, 8.036036974966294e-17, -0.2280701754385955)",0.5
"(0.45952825, 0.0, 0.0, -0.22807016663854615)",0.0
"(0.96153588, 2.6214399999999994e-07, 0.00014730252075195318, -0.22783516876046547)",0.5
"(0.47109073, 0.0, 0.026406250000000003, 0.05571428571428572)",0.0
"(0.44367284, 1.1529215046068462e-22, 3.2968356820374564e-16, -0.22807017543859237)",0.5
"(0.7428305, 1.8889465931478563e-26, 0.0, -0.22807017543859653)",1.0
"(0.67345564, 4.0959999999999994e-05, 0.005578320312500002, -0.21947205331112038)",0.5
"(0.99999643, 0.0, 1.599534455952662e-08, -0.22807012805371013)",0.5
"(0.86237652, 0.0, 1.4146773424680258e-18, -0.22807017543859642)",1.0
"(0.77854938, 1.475739525896763e-24, 1.3058560084320228e-17, -0.2280701754385963)",0.5
"(0.45952825, 0.0, 0.0, -0.22807017380430142)",0.0
"(0.96153588, 2.0971519999999997e-08, 2.3936659622192394e-05, -0.2280265313412293)",0.5
"(0.47109073, 0.0, 0.004291015625000001, -0.17536734693877554)",0.0
"(0.44367284, 9.223372036854769e-24, 5.357357983310867e-17, -0.22807017543859573)",0.5
"(0.7428305, 1.511157274518285e-27, 0.0, -0.22807017543859653)",1.0
"(0.67345564, 3.2767999999999993e-06, 0.0009064770507812503, -0.22647338132920808)",0.5
"(0.99999643, 0.0, 2.599243490923076e-09, -0.22807016663854615)",0.5
"(0.86237652, 0.0, 2.298850681510542e-19, -0.22807017543859645)",1.0
"(0.77854938, 1.1805916207174102e-25, 2.1220160137020373e-18, -0.22807017543859645)",0.5
"(0.45952825, 0.0, 0.0, -0.22807017513508457)",0.0
"(0.96153588, 1.6777215999999996e-09, 3.889707188606264e-06, -0.2280620701062283)",0.5
"(0.47109073, 0.0, 0.0006972900390625002, -0.21828250728862975)",0.0
"(0.44367284, 7.378697629483815e-25, 8.705706722880158e-18, -0.22807017543859634)",0.5
"(0.7428305, 1.208925819614628e-28, 0.0, -0.22807017543859653)",1.0
"(0.67345564, 2.6214399999999994e-07, 0.00014730252075195318, -0.22777362796113867)",0.5
"(0.99999643, 0.0, 4.2237706727499985e-10, -0.22807017380430142)",0.5
"(0.86237652, 0.0, 3.7356323574546307e-20, -0.22807017543859653)",1.0
"(0.77854938, 9.444732965739282e-27, 3.4482760222658107e-19, -0.22807017543859653)",0.5
"(0.45952825, 0.0, 0.0, -0.22807017538223)",0.0
"(0.96153588, 1.3421772799999996e-10, 6.32077418148518e-07, -0.22806867016258525)",0.5
"(0.47109073, 0.0, 0.00011330963134765629, -0.22625246563931695)",0.0
"(0.44367284, 5.902958103587051e-26, 1.4146773424680258e-18, -0.22807017543859645)",0.5
"(0.7428305, 9.671406556917024e-30, 0.0, -0.22807017543859653)",1.0
"(0.98953404, 0.08, 1.1375, 0.9285714285714286)",0.5
"(0.99999643, 0.0, 6.863627343218748e-11, -0.22807017513508457)",0.5
"(0.86237652, 0.0, 6.070402580863775e-21, -0.22807017543859653)",1.0
"(0.77854938, 7.555786372591425e-28, 5.603448536181943e-20, -0.22807017543859653)",0.5
"(0.45952825, 0.0, 0.0, -0.22807017542812844)",0.0
"(0.96153588, 1.0737418239999996e-11, 1.0271258044913418e-07, -0.22806989588733728)",0.5
"(0.47109073, 0.0, 1.8412815093994147e-05, -0.22773260076158747)",0.0
"(0.44367284, 4.722366482869641e-27, 2.298850681510542e-19, -0.22807017543859653)",0.5
"(0.7428305, 7.737125245533618e-31, 0.0, -0.22807017543859653)",1.0
"(0.98953404, 0.0063999999999999994, 0.18484375, -0.013265306122448974)",0.5
"(0.99999643, 0.0, 1.1153394432730465e-11, -0.22807017538223)",0.5
"(0.86237652, 0.0, 9.864404193903635e-22, -0.22807017543859653)",0.5
"(0.77854938, 6.04462909807314e-29, 9.105603871295658e-21, -0.22807017543859653)",0.5
"(0.45952825, 0.0, 0.0, -0.22807017543665245)",0.0
"(0.96153588, 8.589934591999996e-13, 1.6690794322984305e-08, -0.22807012352193407)",0.5
"(0.47109073, 0.0, 2.992082452774049e-06, -0.22800748299858054)",0.0
"(0.44367284, 3.7778931862957126e-28, 3.7356323574546307e-20, -0.22807017543859653)",0.5
"(0.7428305, 6.189700196426894e-32, 0.0, -0.22807017543859653)",1.0
"(0.98953404, 0.0005119999999999999, 0.030037109375000003, -0.18817784256559766)",0.5
"(0.99999643, 0.0, 1.8124265953187006e-12, -0.22807017542812844)",0.5
"(0.86237652, 0.0, 1.6029656815093408e-22, -0.22807017543859653)",0.5
"(0.77854938, 4.835703278458512e-30, 1.4796606290855444e-21, -0.22807017543859653)",0.5
"(0.45952825, 0.0, 0.0, -0.2280701754382355)",0.0
"(0.96153588, 6.871947673599997e-14, 2.7122540774849495e-09, -0.2280701657969306)",0.5
"(0.47109073, 0.0, 4.86213398575783e-07, -0.22805853255687925)",0.0
"(0.44367284, 3.02231454903657e-29, 6.070402580863775e-21, -0.22807017543859653)",0.5
"(0.7428305, 4.951760157141515e-33, 0.0, -0.22807017543859653)",1.0
"(0.98953404, 4.0959999999999994e-05, 0.004881030273437501, -0.220661599333611)",0.5
"(0.99999643, 0.0, 2.9451932173928887e-13, -0.22807017543665245)",0.5
"(0.86237652, 0.0, 2.604819232452679e-23, -0.22807017543859653)",0.5
"(0.77854938, 3.868562622766809e-31, 2.40444852226401e-22, -0.22807017543859653)",0.5
"(0.45952825, 0.0, 0.0, -0.22807017543852945)",0.0
"(0.96153588, 5.497558138879998e-15, 4.407412875913043e-10, -0.22807017364800142)",0.5
"(0.47109073, 0.0, 7.900967726856475e-08, -0.22806801318913472)",0.0
"(0.44367284, 2.417851639229256e-30, 9.864404193903635e-22, -0.22807017543859653)",0.5
"(0.7428305, 3.961408125713212e-34, 0.0, -0.22807017543859653)",0.5
"(0.98953404, 3.2767999999999993e-06, 0.0007931674194335939, -0.22669429701909918)",0.5
"(0.99999643, 0.0, 4.7859389782634445e-14, -0.2280701754382355)",0.5
"(0.86237652, 0.0, 4.2328312527356035e-24, -0.22807017543859653)",0.5
"(0.77854938, 3.094850098213447e-32, 3.9072288486790164e-23, -0.22807017543859653)",0.5
"(0.45952825, 0.0, 0.0, -0.22807017543858404)",0.0
"(0.96153588, 4.398046511103998e-16, 7.162045923358696e-11, -0.22807017510605743)",0.5
"(0.47109073, 0.0, 1.2839072556141772e-08, -0.22806977387798213)",0.0
"(0.44367284, 1.9342813113834046e-31, 1.6029656815093408e-22, -0.22807017543859653)",0.5
"(0.7428305, 3.1691265005705697e-35, 0.0, -0.22807017543859653)",0.5
"(0.98953404, 2.6214399999999994e-07, 0.00012888970565795902, -0.22781465516068988)",0.5
"(0.99999643, 0.0, 7.777150839678097e-15, -0.22807017543852945)",0.5
"(0.86237652, 0.0, 6.878350785695356e-25, -0.22807017543859653)",0.5
"(0.77854938, 2.4758800785707574e-33, 6.349246879103402e-24, -0.22807017543859653)",0.5
"(0.45952825, 0.0, 0.0, -0.2280701754385942)",0.0
"(0.96153588, 3.5184372088831984e-17, 1.1638324625457881e-11, -0.22807017537683924)",0.5
"(0.47109073, 0.0, 2.086349290373038e-09, -0.22807010086305385)",0.0
"(0.44367284, 1.5474250491067235e-32, 2.604819232452679e-23, -0.22807017543859653)",0.5
"(0.7428305, 2.5353012004564557e-36, 0.0, -0.22807017543859653)",0.5
"(0.98953404, 2.0971519999999997e-08, 2.0944577169418343e-05, -0.22802272167269957)",0.5
"(0.99999643, 0.0, 1.2637870114476908e-15, -0.22807017543858404)",0.5
"(0.86237652, 0.0, 1.1177320026754954e-25, -0.22807017543859653)",0.5
"(0.77854938, 1.980704062856606e-34, 1.0317526178543028e-24, -0.22807017543859653)",0.5
"(0.45952825, 0.0, 0.0, -0.22807017543859606)",0.0
"(0.96153588, 2.8147497671065586e-18, 1.8912277516369057e-12, -0.22807017542712732)",0.5
"(0.47109073, 0.0, 3.390317596856187e-10, -0.22807016158885288)",0.0
"(0.44367284, 1.2379400392853787e-33, 4.2328312527356035e-24, -0.22807017543859653)",0.5
"(0.7428305, 2.0282409603651647e-37, 0.0, -0.22807017543859653)",0.5
"(0.98953404, 1.6777215999999996e-09, 3.4034937900304807e-06, -0.22806136259635848)",0.5
"(0.99999643, 0.0, 2.0536538936024977e-16, -0.2280701754385942)",0.5
"(0.86237652, 0.0, 1.81631450434768e-26, -0.22807017543859653)",0.5
"(0.77854938, 1.5845632502852848e-35, 1.676598004013242e-25, -0.22807017543859653)",0.5
"(0.45952825, 0.0, 0.0, -0.22807017543859642)",0.0
"(0.96153588, 2.251799813685247e-19, 3.073245096409972e-13, -0.22807017543646652)",0.5
"(0.47109073, 0.0, 5.509266094891304e-11, -0.22807017286650128)",0.0
"(0.97299383, 0.0, 0.325, 0.09285714285714286)",1.0
"(0.97299383, 0.0, 0.052812500000000005, -0.16846938775510203)",1.0
"(0.97299383, 0.0, 0.008582031250000002, -0.2170014577259475)",0.5
"(0.99729938, 0.08, 0.43333333333333335, 0.09285714285714286)",0.5
"(0.97299383, 0.0, 0.0013945800781250005, -0.22601455643481883)",0.5
"(0.99729938, 0.0063999999999999994, 0.07041666666666667, -0.16846938775510203)",0.5
"(0.97299383, 0.0, 0.00022661926269531259, -0.22768841762360922)",0.5
"(0.99729938, 0.0005119999999999999, 0.011442708333333334, -0.2170014577259475)",0.5
"(0.97299383, 0.0, 3.6825630187988294e-05, -0.22799927755867028)",0.5
"(0.99729938, 4.0959999999999994e-05, 0.0018594401041666668, -0.22601455643481883)",0.5
"(0.7428305, 0.16, 0.325, 0.2785714285714286)",0.5
"(0.7428305, 0.012799999999999999, 0.052812500000000005, -0.1339795918367347)",0.5
"(0.44367284, 0.0063999999999999994, 0.052812500000000005, -0.15122448979591838)",0.0
"(0.7428305, 0.08, 0.40625, 0.37142857142857144)",1.0
"(0.7428305, 0.0010239999999999997, 0.008582031250000002, -0.21059620991253647)",1.0
"(0.44367284, 0.0005119999999999999, 0.008582031250000002, -0.21379883381924197)",0.0
"(0.7428305, 0.0063999999999999994, 0.06601562500000001, -0.11673469387755102)",1.0
"(0.7428305, 8.191999999999999e-05, 0.0013945800781250005, -0.2248250104123282)",1.0
"(0.44367284, 4.0959999999999994e-05, 0.0013945800781250005, -0.22541978342357352)",0.0
"(0.7428305, 0.0005119999999999999, 0.010727539062500001, -0.20739358600583094)",1.0
"(0.7428305, 0.08, 0.65, 0.37142857142857144)",1.0
"(0.7428305, 6.5535999999999985e-06, 0.00022661926269531259, -0.2274675019337181)",1.0
"(0.44367284, 3.2767999999999993e-06, 0.00022661926269531259, -0.22757795977866369)",0.0
"(0.7428305, 4.0959999999999994e-05, 0.0017432250976562502, -0.2242302374010829)",1.0
"(0.7428305, 0.0063999999999999994, 0.10562500000000001, -0.11673469387755102)",0.5
"(0.7428305, 5.242879999999999e-07, 3.6825630187988294e-05, -0.22795825035911907)",1.0
"(0.44367284, 2.6214399999999994e-07, 3.6825630187988294e-05, -0.2279787639588947)",0.0
"(0.7428305, 3.2767999999999993e-06, 0.0002832740783691407, -0.22735704408877255)",1.0
"(0.7428305, 0.0005119999999999999, 0.017164062500000004, -0.20739358600583094)",0.5
"(0.7428305, 4.1943039999999993e-08, 5.984164905548098e-06, -0.22804938935240782)",0.5
"(0.44367284, 2.0971519999999997e-08, 5.984164905548098e-06, -0.22805319902093757)",0.0
"(0.7428305, 2.6214399999999994e-07, 4.6032037734985366e-05, -0.22793773675934348)",1.0
"(0.7428305, 4.0959999999999994e-05, 0.002789160156250001, -0.2242302374010829)",1.0
"(0.99729938, 0.16, 0.325, 0.30952380952380953)",0.5
"(0.99729938, 0.012799999999999999, 0.052812500000000005, -0.1282312925170068)",0.5
"(0.9879401, 0.0, 0.24375000000000002, 0.5107142857142857)",0.5
"(0.83796296, 0.08, 0.24375000000000002, 0.09285714285714286)",0.0
"(0.99729938, 0.0010239999999999997, 0.008582031250000002, -0.20952866861030128)",1.0
"(0.9879401, 0.0, 0.039609375, -0.09086734693877552)",0.5
"(0.83796296, 0.0063999999999999994, 0.039609375, -0.16846938775510203)",0.0
"(0.99729938, 0.08, 0.21666666666666667, 0.18571428571428572)",1.0
"(0.99729938, 8.191999999999999e-05, 0.0013945800781250005, -0.2246267527419131)",1.0
"(0.9879401, 0.0, 0.0064365234375, -0.2025896501457726)",0.5
"(0.83796296, 0.0005119999999999999, 0.0064365234375, -0.2170014577259475)",0.0
"(0.99729938, 0.0063999999999999994, 0.035208333333333335, -0.15122448979591838)",0.5
"(0.99729938, 6.5535999999999985e-06, 0.00022661926269531259, -0.22743068265206956)",1.0
"(0.9879401, 0.0, 0.00104593505859375, -0.22333807788421492)",0.5
"(0.83796296, 4.0959999999999994e-05, 0.00104593505859375, -0.22601455643481883)",0.0
"(0.99729938, 0.0005119999999999999, 0.005721354166666667, -0.21379883381924197)",0.5
"(1.0, 0.16, 0.40625, 0.0)",1.0
"(0.99729938, 5.242879999999999e-07, 3.6825630187988294e-05, -0.22795141249252723)",1.0
"(0.9879401, 0.0, 0.0001699644470214844, -0.22719135732135418)",0.5
"(0.83796296, 3.2767999999999993e-06, 0.0001699644470214844, -0.22768841762360922)",0.0
"(1.0, 0.08, 0.5416666666666667, 0.18571428571428572)",1.0
"(1.0, 0.012799999999999999, 0.06601562500000001, -0.18571428571428572)",0.5
"(0.98953404, 0.08, 0.24375000000000002, 0.30952380952380953)",0.5
"(0.97299383, 0.08, 0.0, 0.18571428571428572)",1.0
"(0.99729938, 4.1943039999999993e-08, 5.984164905548098e-06, -0.22804811946289794)",0.5
"(0.9879401, 0.0, 2.7619222640991215e-05, -0.22790696635968008)",0.5
"(0.83796296, 2.6214399999999994e-07, 2.7619222640991215e-05, -0.22799927755867028)",0.0
"(1.0, 0.0063999999999999994, 0.08802083333333335, -0.15122448979591838)",0.5
"(1.0, 0.0010239999999999997, 0.010727539062500001, -0.22020408163265306)",0.5
"(0.98953404, 0.0063999999999999994, 0.039609375, -0.1282312925170068)",0.5
"(0.97299383, 0.0063999999999999994, 0.0, -0.15122448979591838)",1.0
"(0.99729938, 3.355443199999999e-09, 9.72426797151566e-07, -0.22806607932882392)",1.0
"(0.9879401, 0.0, 4.488123679161073e-06, -0.22803986518108343)",0.5
"(0.83796296, 2.0971519999999997e-08, 4.488123679161073e-06, -0.22805700868946735)",0.0
"(1.0, 0.0005119999999999999, 0.01430338541666667, -0.21379883381924197)",1.0
"(0.77854938, 0.0, 0.65, 0.37142857142857144)",0.0
"(0.98953404, 0.0005119999999999999, 0.0064365234375, -0.20952866861030128)",0.5
"(0.97299383, 0.0005119999999999999, 0.0, -0.21379883381924197)",1.0
"(0.99729938, 2.684354559999999e-10, 1.580193545371295e-07, -0.22806941473249587)",1.0
"(0.9879401, 0.0, 7.293200978636744e-07, -0.22806454639077267)",0.5
"(0.83796296, 1.6777215999999996e-09, 7.293200978636744e-07, -0.2280677301851868)",0.0
"(1.0, 4.0959999999999994e-05, 0.0023243001302083338, -0.22541978342357352)",1.0
"(0.77854938, 0.0, 0.10562500000000001, -0.11673469387755102)",0.0
"(0.98953404, 4.0959999999999994e-05, 0.00104593505859375, -0.2246267527419131)",0.5
"(0.97299383, 4.0959999999999994e-05, 0.0, -0.22541978342357352)",1.0
"(0.99999643, 0.08, 0.1625, 0.30952380952380953)",1.0
"(0.99729938, 2.1474836479999992e-11, 2.5678145112283544e-08, -0.2280700341646064)",1.0
"(0.9879401, 0.0, 1.185145159028471e-07, -0.22806913004400065)",0.5
"(0.83796296, 1.3421772799999996e-10, 1.185145159028471e-07, -0.2280697213201061)",0.0
"(1.0, 3.2767999999999993e-06, 0.00037769877115885426, -0.22757795977866369)",0.5
"(0.77854938, 0.0, 0.017164062500000004, -0.20739358600583094)",0.0
"(0.98953404, 3.2767999999999993e-06, 0.0001699644470214844, -0.22743068265206956)",0.5
"(0.97299383, 3.2767999999999993e-06, 0.0, -0.22757795977866369)",1.0
"(0.99999643, 0.0063999999999999994, 0.026406250000000003, -0.1282312925170068)",1.0
"(0.99729938, 1.7179869183999993e-12, 4.172698580746076e-09, -0.22807014920199833)",0.5
"(0.9879401, 0.0, 1.9258608834212655e-08, -0.22806998129388584)",0.5
"(0.83796296, 1.0737418239999996e-11, 1.9258608834212655e-08, -0.22807009110230544)",0.0
"(0.77854938, 0.0, 0.002789160156250001, -0.2242302374010829)",0.0
"(0.98953404, 2.6214399999999994e-07, 2.7619222640991215e-05, -0.22795141249252723)",0.5
"(0.97299383, 2.6214399999999994e-07, 0.0, -0.2279787639588947)",1.0
"(0.99999643, 0.0005119999999999999, 0.004291015625000001, -0.20952866861030128)",0.5
"(0.99729938, 1.3743895347199994e-13, 6.780635193712374e-10, -0.2280701705660854)",0.5
"(0.9879401, 0.0, 3.1295239355595567e-09, -0.2280701393831502)",0.5
"(0.83796296, 8.589934591999996e-13, 3.1295239355595567e-09, -0.22807015977614245)",0.0
"(0.77854938, 0.0, 0.00045323852539062517, -0.22735704408877255)",0.0
"(0.98953404, 2.0971519999999997e-08, 4.488123679161073e-06, -0.22804811946289794)",1.0
"(0.97299383, 2.0971519999999997e-08, 0.0, -0.22805319902093757)",1.0
"(0.99999643, 4.0959999999999994e-05, 0.0006972900390625002, -0.2246267527419131)",0.5
"(0.99729938, 1.0995116277759996e-14, 1.1018532189782608e-10, -0.22807017453370157)",0.5
"(0.9879401, 0.0, 5.08547639528428e-10, -0.228070168742585)",0.5
"(0.83796296, 6.871947673599997e-14, 5.08547639528428e-10, -0.22807017252985504)",0.0
"(0.77854938, 0.0, 7.365126037597659e-05, -0.22793773675934348)",0.0
"(0.98953404, 1.6777215999999996e-09, 7.293200978636744e-07, -0.22806607932882392)",0.5
"(0.97299383, 1.6777215999999996e-09, 0.0, -0.22806702267531698)",1.0
"(0.99999643, 3.2767999999999993e-06, 0.00011330963134765629, -0.22743068265206956)",1.0
"(0.99998345, 0.08, 0.56875, 0.18571428571428572)",0.5
"(0.99729938, 8.796093022207996e-16, 1.790511480839674e-11, -0.22807017527054457)",0.5
"(0.9879401, 0.0, 8.263899142336955e-11, -0.2280701741950515)",0.5
"(0.83796296, 5.497558138879998e-15, 8.263899142336955e-11, -0.22807017489840167)",0.0
"(0.90934714, 4.0959999999999994e-05, 0.0020918701171875, -0.2242302374010829)",0.5
"(0.77854938, 0.0, 1.1968329811096197e-05, -0.22804557968387812)",0.0
"(0.98953404, 1.3421772799999996e-10, 1.185145159028471e-07, -0.22806941473249587)",0.5
"(0.97299383, 1.3421772799999996e-10, 0.0, -0.228069589925416)",1.0
"(0.99999643, 2.6214399999999994e-07, 1.8412815093994147e-05, -0.22795141249252723)",0.5
"(0.99998345, 0.0063999999999999994, 0.092421875, -0.15122448979591838)",0.5
"(0.84387382, 0.0, 0.325, 0.9285714285714286)",1.0
"(0.99729938, 7.036874417766397e-17, 2.9095811563644703e-12, -0.22807017540738686)",0.5
"(0.9879401, 0.0, 1.3428836106297552e-11, -0.2280701752076524)",0.5
"(0.83796296, 4.398046511103998e-16, 1.3428836106297552e-11, -0.22807017533827462)",0.0
"(0.90934714, 3.2767999999999993e-06, 0.0003399288940429688, -0.22735704408877255)",0.5
"(0.77854938, 0.0, 1.944853594303132e-06, -0.22806560765557737)",0.0
"(0.98953404, 1.0737418239999996e-11, 1.9258608834212655e-08, -0.2280700341646064)",0.5
"(0.97299383, 1.0737418239999996e-11, 0.0, -0.2280700667004344)",0.5
"(0.99999643, 2.0971519999999997e-08, 2.992082452774049e-06, -0.22804811946289794)",1.0
"(0.99998345, 0.0005119999999999999, 0.015018554687500001, -0.21379883381924197)",0.5
"(0.84387382, 0.0, 0.052812500000000005, -0.013265306122448974)",1.0
"(0.99729938, 5.629499534213117e-18, 4.728069379092264e-13, -0.22807017543280042)",0.5
"(0.9879401, 0.0, 2.182185867273352e-12, -0.2280701753957069)",0.5
"(0.83796296, 3.5184372088831984e-17, 2.182185867273352e-12, -0.22807017541996527)",0.0
"(0.90934714, 2.6214399999999994e-07, 5.523844528198243e-05, -0.22793773675934348)",0.5
"(0.77854938, 0.0, 3.16038709074259e-07, -0.22806932713603578)",0.0
"(0.98953404, 8.589934591999996e-13, 3.1295239355595567e-09, -0.22807014920199833)",0.5
"(0.97299383, 8.589934591999996e-13, 0.0, -0.22807015524436638)",0.5
"(0.99999643, 1.6777215999999996e-09, 4.86213398575783e-07, -0.22806607932882392)",0.5
"(0.99998345, 4.0959999999999994e-05, 0.0024405151367187503, -0.22541978342357352)",0.5
"(0.84387382, 0.0, 0.008582031250000002, -0.18817784256559766)",1.0
"(0.99729938, 4.503599627370494e-19, 7.68311274102493e-14, -0.22807017543752012)",0.5
"(0.9879401, 0.0, 3.546052034319197e-13, -0.2280701754306313)",0.5
"(0.83796296, 2.8147497671065586e-18, 3.546052034319197e-13, -0.2280701754351364)",0.0
"(0.90934714, 2.0971519999999997e-08, 8.976247358322146e-06, -0.22804557968387812)",0.5
"(0.77854938, 0.0, 5.135629022456709e-08, -0.22807001789669235)",0.0
"(0.98953404, 6.871947673599997e-14, 5.08547639528428e-10, -0.2280701705660854)",0.5
"(0.97299383, 6.871947673599997e-14, 0.0, -0.22807017168823948)",0.5
"(0.99999643, 1.3421772799999996e-10, 7.900967726856475e-08, -0.22806941473249587)",0.5
"(0.99998345, 3.2767999999999993e-06, 0.00039658370971679694, -0.22757795977866369)",0.5
"(0.84387382, 0.0, 0.0013945800781250005, -0.220661599333611)",1.0
"(0.99729938, 3.602879701896395e-20, 1.2485058204165513e-14, -0.22807017543839658)",0.5
"(0.9879401, 0.0, 5.762334555768695e-14, -0.22807017543711725)",0.5
"(0.83796296, 2.251799813685247e-19, 5.762334555768695e-14, -0.2280701754379539)",0.0
"(0.90934714, 1.6777215999999996e-09, 1.4586401957273488e-06, -0.22806560765557737)",0.5
"(0.77854938, 0.0, 8.345397161492152e-09, -0.2280701461808143)",0.0
"(0.98953404, 5.497558138879998e-15, 8.263899142336955e-11, -0.22807017453370157)",0.5
"(0.97299383, 5.497558138879998e-15, 0.0, -0.22807017474210162)",0.5
"(0.99999643, 1.0737418239999996e-11, 1.2839072556141772e-08, -0.2280700341646064)",0.5
"(0.99998345, 2.6214399999999994e-07, 6.444485282897951e-05, -0.2279787639588947)",0.5
"(0.84387382, 0.0, 0.00022661926269531259, -0.22669429701909918)",0.5
"(0.9879401, 0.08, 0.1625, 0.18571428571428572)",1.0
"(0.9879401, 0.0063999999999999994, 0.026406250000000003, -0.15122448979591838)",1.0
"(0.99906917, 0.08, 0.48750000000000004, 0.37142857142857144)",0.5
"(0.9879401, 0.0005119999999999999, 0.004291015625000001, -0.21379883381924197)",1.0
"(0.99906917, 0.0063999999999999994, 0.07921875, -0.11673469387755102)",0.5
"(0.9879401, 4.0959999999999994e-05, 0.0006972900390625002, -0.22541978342357352)",1.0
"(0.99906917, 0.0005119999999999999, 0.012873046875, -0.20739358600583094)",0.5
"(0.9879401, 3.2767999999999993e-06, 0.00011330963134765629, -0.22757795977866369)",1.0
"(0.99906917, 4.0959999999999994e-05, 0.0020918701171875, -0.2242302374010829)",1.0
"(0.9879401, 2.6214399999999994e-07, 1.8412815093994147e-05, -0.2279787639588947)",1.0
"(0.99906917, 3.2767999999999993e-06, 0.0003399288940429688, -0.22735704408877255)",1.0
"(0.93923611, 0.08, 0.24375000000000002, 0.24761904761904766)",0.5
"(0.9879401, 0.39999999999999997, 0.65, 0.4333333333333334)",1.0
"(0.93923611, 0.0063999999999999994, 0.039609375, -0.13972789115646259)",1.0
"(0.9879401, 0.031999999999999994, 0.10562500000000001, -0.10523809523809524)",0.5
"(0.93923611, 0.0005119999999999999, 0.0064365234375, -0.21166375121477163)",0.5
"(0.9879401, 0.0025599999999999993, 0.017164062500000004, -0.20525850340136054)",0.5
"(0.93923611, 4.0959999999999994e-05, 0.00104593505859375, -0.2250232680827433)",0.5
"(0.9879401, 0.00020479999999999994, 0.002789160156250001, -0.22383372206025268)",0.5
"(0.93923611, 3.2767999999999993e-06, 0.0001699644470214844, -0.22750432121536662)",0.5
"(0.9879401, 1.6383999999999994e-05, 0.00045323852539062517, -0.2272834055254755)",0.5
"(0.93923611, 2.6214399999999994e-07, 2.7619222640991215e-05, -0.22796508822571096)",0.5
"(0.9879401, 1.3107199999999995e-06, 7.365126037597659e-05, -0.22792406102615975)",0.5
"(0.03587963, 0.08, 0.7312500000000001, 0.4642857142857143)",0.0
"(0.97299383, 0.08, 0.48750000000000004, 0.09285714285714286)",0.5
"(0.03587963, 0.0063999999999999994, 0.11882812500000002, -0.09948979591836735)",0.0
"(0.97299383, 0.0063999999999999994, 0.07921875, -0.16846938775510203)",0.5
"(0.03587963, 0.0005119999999999999, 0.019309570312500003, -0.20419096209912538)",0.0
"(0.97299383, 0.0005119999999999999, 0.012873046875, -0.2170014577259475)",0.5
"(0.03587963, 4.0959999999999994e-05, 0.0031378051757812507, -0.22363546438983756)",0.0
"(0.97299383, 4.0959999999999994e-05, 0.0020918701171875, -0.22601455643481883)",0.5
"(0.93923611, 3.2767999999999993e-06, 0.00022661926269531259, -0.22757795977866369)",0.5
"(0.03587963, 3.2767999999999993e-06, 0.0005098933410644532, -0.22724658624382696)",0.0
"(0.97299383, 3.2767999999999993e-06, 0.0003399288940429688, -0.22768841762360922)",0.5
"(0.83796296, 0.0, 0.48750000000000004, 0.18571428571428572)",1.0
"(0.83796296, 0.0, 0.07921875, -0.15122448979591838)",0.5
"(0.83796296, 0.0, 0.012873046875, -0.21379883381924197)",1.0
"(0.99984997, 0.08, 0.1625, 0.12380952380952383)",1.0
"(0.83796296, 0.0, 0.0020918701171875, -0.22541978342357352)",1.0
"(0.99984997, 0.0063999999999999994, 0.026406250000000003, -0.16272108843537417)",1.0
"(0.99729938, 0.16, 0.9750000000000001, 0.0)",0.5
"(0.99729938, 0.012799999999999999, 0.1584375, -0.18571428571428572)",0.5
"(0.99984997, 0.0, 0.284375, 0.09285714285714286)",1.0
"(0.99729938, 0.0010239999999999997, 0.02574609375, -0.22020408163265306)",0.5
"(0.99984997, 0.0, 0.0462109375, -0.16846938775510203)",0.5
"(0.99729938, 8.191999999999999e-05, 0.004183740234375, -0.22660932944606416)",0.5
"(0.99984997, 0.0, 0.007509277343750001, -0.2170014577259475)",0.5
"(0.9879401, 0.39999999999999997, 0.1625, 0.18571428571428572)",1.0
"(0.9879401, 0.031999999999999994, 0.026406250000000003, -0.15122448979591838)",1.0
"(0.9879401, 0.0025599999999999993, 0.004291015625000001, -0.21379883381924197)",1.0
"(0.9879401, 0.00020479999999999994, 0.0006972900390625002, -0.22541978342357352)",1.0
"(0.9879401, 1.6383999999999994e-05, 0.00011330963134765629, -0.22757795977866369)",1.0
"(0.9879401, 1.3107199999999995e-06, 1.8412815093994147e-05, -0.2279787639588947)",1.0
"(0.9879401, 1.0485759999999995e-07, 2.992082452774049e-06, -0.22805319902093757)",1.0
"(0.9879401, 8.388607999999996e-09, 4.86213398575783e-07, -0.22806702267531698)",1.0
"(0.9879401, 6.710886399999996e-10, 7.900967726856475e-08, -0.228069589925416)",1.0
"(0.97299383, 0.39999999999999997, 0.48750000000000004, 0.1392857142857143)",1.0
"(0.99729938, 0.16, 0.43333333333333335, 0.37142857142857144)",0.5
"(0.97299383, 0.031999999999999994, 0.07921875, -0.1598469387755102)",0.5
"(0.99729938, 0.012799999999999999, 0.07041666666666667, -0.11673469387755102)",0.5
"(0.9879401, 0.39999999999999997, 0.48750000000000004, 0.18571428571428572)",1.0
"(0.99729938, 0.0010239999999999997, 0.011442708333333334, -0.20739358600583094)",0.5
"(0.77854938, 0.0, 0.5416666666666667, 0.18571428571428572)",0.5
"(0.9879401, 0.031999999999999994, 0.07921875, -0.15122448979591838)",0.5
"(0.99729938, 8.191999999999999e-05, 0.0018594401041666668, -0.2242302374010829)",0.5
"(0.93923611, 0.08, 0.40625, 0.4178571428571429)",0.5
"(0.9879401, 0.0025599999999999993, 0.012873046875, -0.21379883381924197)",0.5
"(0.99729938, 6.5535999999999985e-06, 0.00030215901692708336, -0.22735704408877255)",0.5
"(0.93923611, 0.0063999999999999994, 0.06601562500000001, -0.10811224489795916)",0.5
"(0.9879401, 0.00020479999999999994, 0.0020918701171875, -0.22541978342357352)",0.5
"(0.99729938, 5.242879999999999e-07, 4.910084025065105e-05, -0.22793773675934348)",0.5
"(0.93923611, 0.0005119999999999999, 0.010727539062500001, -0.20579227405247813)",0.5
"(0.9879401, 1.6383999999999994e-05, 0.0003399288940429688, -0.22757795977866369)",0.5
"(0.99729938, 4.1943039999999993e-08, 7.978886540730796e-06, -0.22804557968387812)",0.5
"(0.93923611, 4.0959999999999994e-05, 0.0017432250976562502, -0.22393285089546025)",0.5
"(0.9879401, 1.3107199999999995e-06, 5.523844528198243e-05, -0.2279787639588947)",0.5
"(0.99729938, 3.355443199999999e-09, 1.2965690628687545e-06, -0.22806560765557737)",0.5
"(0.93923611, 3.2767999999999993e-06, 0.0002832740783691407, -0.2273018151662998)",0.5
"(0.9879401, 1.0485759999999995e-07, 8.976247358322146e-06, -0.22805319902093757)",0.5
"(0.99729938, 2.684354559999999e-10, 2.1069247271617261e-07, -0.22806932713603578)",0.5
"(0.93923611, 2.6214399999999994e-07, 4.6032037734985366e-05, -0.22792747995945567)",0.5
"(0.46913917, 0.08, 1.3, 0.8666666666666668)",0.5
"(0.9879401, 8.388607999999996e-09, 1.4586401957273488e-06, -0.22806702267531698)",0.5
"(0.99729938, 2.1474836479999992e-11, 3.423752681637805e-08, -0.22807001789669235)",0.5
"(0.93923611, 2.0971519999999997e-08, 7.480206131935122e-06, -0.22804367484961321)",0.5
"(0.46913917, 0.0063999999999999994, 0.21125000000000002, -0.02476190476190474)",0.5
"(0.9879401, 6.710886399999996e-10, 2.370290318056942e-07, -0.228069589925416)",0.5
"(0.99729938, 1.7179869183999993e-12, 5.563598107661433e-09, -0.2280701461808143)",0.5
"(0.93923611, 1.6777215999999996e-09, 1.2155334964394574e-06, -0.22806525390064247)",0.5
"(0.46913917, 0.0005119999999999999, 0.03432812500000001, -0.190312925170068)",0.5
"(0.9879401, 5.3687091199999966e-11, 3.851721766842531e-08, -0.2280700667004344)",0.5
"(0.99729938, 1.3743895347199994e-13, 9.04084692494983e-10, -0.22807017000500837)",0.5
"(0.93923611, 1.3421772799999996e-10, 1.9752419317141184e-07, -0.22806926143869075)",0.5
"(0.46913917, 4.0959999999999994e-05, 0.005578320312500002, -0.2210581146744412)",0.5
"(0.9879401, 4.294967295999997e-12, 6.259047871119113e-09, -0.22807015524436638)",0.5
"(0.99729938, 1.0995116277759996e-14, 1.4691376253043474e-10, -0.22807017442950153)",0.5
"(0.93923611, 1.0737418239999996e-11, 3.209768139035443e-08, -0.22807000569575686)",0.5
"(0.46913917, 3.2767999999999993e-06, 0.0009064770507812503, -0.22676793558239625)",0.5
"(0.9879401, 3.4359738367999973e-13, 1.017095279056856e-09, -0.22807017168823948)",0.5
"(0.99729938, 8.796093022207996e-16, 2.3873486411195644e-11, -0.22807017525119316)",0.5
"(0.93923611, 8.589934591999996e-13, 5.215873225932595e-09, -0.22807014391492628)",0.5
"(0.46913917, 2.6214399999999994e-07, 0.00014730252075195318, -0.22782833089387358)",0.5
"(0.9879401, 2.748779069439998e-14, 1.652779828467391e-10, -0.22807017474210162)",0.5
"(0.99729938, 7.036874417766397e-17, 3.879441541819292e-12, -0.22807017540379304)",0.5
"(0.93923611, 6.871947673599997e-14, 8.475793992140467e-10, -0.22807016958420057)",0.5
"(0.46913917, 2.0971519999999997e-08, 2.3936659622192394e-05, -0.2280252614517194)",0.5
"(0.9879401, 2.1990232555519985e-15, 2.6857672212595103e-11, -0.22807017530924747)",0.5
"(0.99729938, 5.629499534213117e-18, 6.304092505456351e-13, -0.228070175432133)",0.5
"(0.93923611, 5.497558138879998e-15, 1.3773165237228258e-10, -0.22807017435135157)",0.5
"(0.46913917, 1.6777215999999996e-09, 3.889707188606264e-06, -0.228061834269605)",0.5
"(0.97299383, 0.0, 0.325, 0.14857142857142858)",0.5
"(0.83796296, 0.08, 0.48750000000000004, 0.2785714285714286)",1
"(0.97299383, 0.0, 0.052812500000000005, -0.15812244897959185)",0.5
"(0.83796296, 0.0063999999999999994, 0.07921875, -0.1339795918367347)",0.5
"(0.97299383, 0.0, 0.008582031250000002, -0.21507988338192421)",0.5
"(0.83796296, 0.0005119999999999999, 0.012873046875, -0.21059620991253647)",0.5
"(0.97299383, 0.0, 0.0013945800781250005, -0.22565769262807167)",0.5
"(0.83796296, 4.0959999999999994e-05, 0.0020918701171875, -0.2248250104123282)",0.5
"(0.99729938, 0.16, 0.1625, 0.23214285714285715)",0.5
"(0.19170096, 0.08, 0.325, 0.5571428571428572)",0
"(0.93923611, 2.6214399999999994e-07, 4.910084025065105e-05, -0.2279787639588947)",0.5
"(0.97299383, 0.0, 0.00022661926269531259, -0.2276221429166419)",0.5
"(0.83796296, 3.2767999999999993e-06, 0.0003399288940429688, -0.2274675019337181)",0.5
"(0.99729938, 0.012799999999999999, 0.026406250000000003, -0.14260204081632652)",0.5
"(0.19170096, 0.0063999999999999994, 0.052812500000000005, -0.08224489795918367)",0
"(0.93923611, 2.0971519999999997e-08, 7.978886540730796e-06, -0.22805319902093757)",0.5
"(0.97299383, 0.0, 3.6825630187988294e-05, -0.22798696939880492)",0.5
"(0.83796296, 2.6214399999999994e-07, 5.523844528198243e-05, -0.22795825035911907)",0.5
"(0.99729938, 0.0010239999999999997, 0.004291015625000001, -0.2121975218658892)",1
"(0.19170096, 0.0005119999999999999, 0.008582031250000002, -0.20098833819241985)",0
"(0.93923611, 1.6777215999999996e-09, 1.2965690628687545e-06, -0.22806702267531698)",0.5
"(0.97299383, 0.0, 5.984164905548098e-06, -0.22805472288834946)",0.5
"(0.83796296, 2.0971519999999997e-08, 8.976247358322146e-06, -0.22804938935240782)",0.5
"(0.99729938, 8.191999999999999e-05, 0.0006972900390625002, -0.22512239691795086)",0.5
"(0.19170096, 4.0959999999999994e-05, 0.0013945800781250005, -0.22304069137859228)",0
"(0.93923611, 1.3421772799999996e-10, 2.1069247271617261e-07, -0.228069589925416)",0.5
"(0.97299383, 0.0, 9.72426797151566e-07, -0.22806730567926492)",0.5
"(0.83796296, 1.6777215999999996e-09, 1.4586401957273488e-06, -0.22806631516544715)",0.5
"(0.99729938, 6.5535999999999985e-06, 0.00011330963134765629, -0.22752273085619087)",0.5
"(0.19170096, 3.2767999999999993e-06, 0.00022661926269531259, -0.22713612839888145)",0
"(0.93923611, 1.0737418239999996e-11, 3.423752681637805e-08, -0.2280700667004344)",0.5
"(0.97299383, 0.0, 1.580193545371295e-07, -0.22806964248329203)",0.5
"(0.83796296, 1.3421772799999996e-10, 2.370290318056942e-07, -0.2280694585307259)",0.5
"(0.99729938, 5.242879999999999e-07, 1.8412815093994147e-05, -0.2279685071590069)",0.5
"(0.19170096, 2.6214399999999994e-07, 3.6825630187988294e-05, -0.2278967095597923)",0
"(0.93923611, 8.589934591999996e-13, 5.563598107661433e-09, -0.22807015524436638)",0.5
"(0.97299383, 0.0, 2.5678145112283544e-08, -0.2280700764611828)",0.5
"(0.83796296, 1.0737418239999996e-11, 3.851721766842531e-08, -0.2280700422985634)",0.5
"(0.99729938, 4.1943039999999993e-08, 2.992082452774049e-06, -0.22805129418667275)",0.5
"(0.19170096, 2.0971519999999997e-08, 5.984164905548098e-06, -0.22803796034681859)",0
"(0.93923611, 6.871947673599997e-14, 9.04084692494983e-10, -0.22807017168823948)",0.5
"(0.97299383, 0.0, 4.172698580746076e-09, -0.2280701570570768)",0.5
"(0.83796296, 8.589934591999996e-13, 6.259047871119113e-09, -0.22807015071259032)",0.5
"(0.99729938, 3.355443199999999e-09, 4.86213398575783e-07, -0.22806666892038208)",0.5
"(0.19170096, 1.6777215999999996e-09, 9.72426797151566e-07, -0.22806419263583774)",0
