"(0.7782077212689298, 0.559282000497675, 0.33788819893106836, 0.444642775339805)",1.0
"(0.6356567253796302, 0.28723812380845015, 0.8594509594867877, 0.04644018149767768)",1.0
"(0.08435812998440047, 0.6716623310800667, 0.6348112840851806, 1.1774519166230686)",1.0
"(0.9874401003323092, 0.594954738459188, 0.8146186762192232, 1.0397609916938977)",1.0
"(0.22670435464304572, 0.329486796123871, 0.6600648011960413, 0.7338430518226213)",1.0
"(0.23275043695352404, 0.820775249560398, 0.04709801933201485, 0.019705320696311812)",1.0
"(0.39950483057722286, 0.49225150592015177, 0.909561081027903, 0.09212014404999513)",1.0
"(0.8790561208990326, 0.8572061845711711, 0.9583595201015774, 0.6421595465544075)",1.0
"(0.05233699584155449, 0.08339303156153943, 0.6914716443105104, 0.7758880692396884)",1.0
"(0.6988277230481716, 0.9766215988615589, 0.7335693724620634, 0.12934003414972184)",1.0
"(0.4535751, 0.0, 0.48750000000000004, 0.37142857142857144)",1.0
"(0.4535751, 0.08, 0.48750000000000004, 0.37142857142857144)",0.0
"(0.4535751, 0.0, 0.07921875, -0.11673469387755102)",1.0
"(0.4535751, 0.0063999999999999994, 0.07921875, -0.11673469387755102)",0.0
"(0.4535751, 0.0, 0.012873046875, -0.20739358600583094)",1.0
"(0.4535751, 0.0005119999999999999, 0.012873046875, -0.20739358600583094)",0.0
"(0.83796296, 0.08, 0.65, 0.0)",0.5
"(0.4535751, 0.0, 0.8125, 0.37142857142857144)",1.0
"(0.4535751, 0.0, 0.0020918701171875, -0.2242302374010829)",1.0
"(0.4535751, 4.0959999999999994e-05, 0.0020918701171875, -0.2242302374010829)",0.0
"(0.83796296, 0.0063999999999999994, 0.10562500000000001, -0.18571428571428572)",0.5
"(0.4535751, 0.0, 0.13203125000000002, -0.11673469387755102)",1.0
"(0.15200617, 0.08, 0.40625, 0.18571428571428572)",0.0
"(0.4535751, 0.0, 0.0003399288940429688, -0.22735704408877255)",0.5
"(0.4535751, 3.2767999999999993e-06, 0.0003399288940429688, -0.22735704408877255)",0.0
"(0.83796296, 0.0005119999999999999, 0.017164062500000004, -0.22020408163265306)",0.5
"(0.4535751, 0.0, 0.021455078125000002, -0.20739358600583094)",1.0
"(0.15200617, 0.0063999999999999994, 0.06601562500000001, -0.15122448979591838)",0.0
"(0.4535751, 0.0, 5.523844528198243e-05, -0.22793773675934348)",0.5
"(0.4535751, 2.6214399999999994e-07, 5.523844528198243e-05, -0.22793773675934348)",0.0
"(0.83796296, 4.0959999999999994e-05, 0.002789160156250001, -0.22660932944606416)",1.0
"(0.4535751, 0.0, 0.0034864501953125004, -0.2242302374010829)",1.0
"(0.15200617, 0.0005119999999999999, 0.010727539062500001, -0.21379883381924197)",0.0
"(0.4535751, 0.0, 8.976247358322146e-06, -0.22804557968387812)",0.5
"(0.4535751, 2.0971519999999997e-08, 8.976247358322146e-06, -0.22804557968387812)",0.0
"(0.83796296, 3.2767999999999993e-06, 0.00045323852539062517, -0.22779887546855476)",1.0
"(0.4535751, 0.0, 0.0005665481567382814, -0.22735704408877255)",1.0
"(0.15200617, 4.0959999999999994e-05, 0.0017432250976562502, -0.22541978342357352)",0.0
"(0.45952825, 0.08, 0.8125, 0.65)",0.0
"(0.4535751, 0.0, 1.4586401957273488e-06, -0.22806560765557737)",0.5
"(0.4535751, 1.6777215999999996e-09, 1.4586401957273488e-06, -0.22806560765557737)",0.0
"(0.83796296, 2.6214399999999994e-07, 7.365126037597659e-05, -0.22801979115844587)",0.5
"(0.4535751, 0.0, 9.206407546997073e-05, -0.22793773675934348)",1.0
"(0.19170096, 0.08, 0.8125, 0.5571428571428572)",0.0
"(0.45952825, 0.0063999999999999994, 0.13203125000000002, -0.065)",0.0
"(0.4535751, 0.0, 2.370290318056942e-07, -0.22806932713603578)",0.5
"(0.4535751, 1.3421772799999996e-10, 2.370290318056942e-07, -0.22806932713603578)",0.0
"(0.97299383, 0.08, 0.48750000000000004, 0.37142857142857144)",0.5
"(0.4535751, 0.0, 1.4960412263870244e-05, -0.22804557968387812)",1.0
"(0.19170096, 0.0063999999999999994, 0.13203125000000002, -0.08224489795918367)",0.0
"(0.45952825, 0.0005119999999999999, 0.021455078125000002, -0.1977857142857143)",0.0
"(1.0, 0.08, 0.3791666666666667, 0.0)",1.0
"(0.4535751, 0.0, 3.851721766842531e-08, -0.22807001789669235)",0.5
"(0.4535751, 1.0737418239999996e-11, 3.851721766842531e-08, -0.22807001789669235)",0.0
"(0.97299383, 0.0063999999999999994, 0.07921875, -0.11673469387755102)",0.5
"(0.4535751, 0.0, 2.431066992878915e-06, -0.22806560765557737)",1.0
"(0.19170096, 0.0005119999999999999, 0.021455078125000002, -0.20098833819241985)",0.0
"(0.45952825, 4.0959999999999994e-05, 0.0034864501953125004, -0.22244591836734692)",0.0
"(1.0, 0.0063999999999999994, 0.06161458333333334, -0.18571428571428572)",0.5
"(0.4535751, 0.0, 6.259047871119113e-09, -0.2280701461808143)",0.5
"(0.4535751, 8.589934591999996e-13, 6.259047871119113e-09, -0.2280701461808143)",0.0
"(0.97299383, 0.0005119999999999999, 0.012873046875, -0.20739358600583094)",0.5
"(0.4535751, 0.0, 3.9504838634282367e-07, -0.22806932713603578)",1.0
"(0.19170096, 4.0959999999999994e-05, 0.0034864501953125004, -0.22304069137859228)",0.0
"(0.45952825, 3.2767999999999993e-06, 0.0005665481567382814, -0.22702567055393585)",0.0
"(1.0, 0.0005119999999999999, 0.010012369791666668, -0.22020408163265306)",0.5
"(0.4535751, 0.0, 1.017095279056856e-09, -0.22807017000500837)",1.0
"(0.4535751, 6.871947673599997e-14, 1.017095279056856e-09, -0.22807017000500837)",0.0
"(0.97299383, 4.0959999999999994e-05, 0.0020918701171875, -0.2242302374010829)",0.5
"(0.4535751, 0.0, 6.419536278070885e-08, -0.22807001789669235)",1.0
"(0.19170096, 3.2767999999999993e-06, 0.0005665481567382814, -0.22713612839888145)",0.0
"(0.45952825, 2.6214399999999994e-07, 9.206407546997073e-05, -0.22787619596001663)",0.0
"(0.94773146, 0.08, 0.40625, 0.5571428571428572)",1.0
"(0.4535751, 0.0, 1.652779828467391e-10, -0.22807017442950153)",1.0
"(0.4535751, 5.497558138879998e-15, 1.652779828467391e-10, -0.22807017442950153)",0.0
"(0.97299383, 3.2767999999999993e-06, 0.0003399288940429688, -0.22735704408877255)",0.5
"(0.4535751, 0.0, 1.043174645186519e-08, -0.2280701461808143)",1.0
"(0.19170096, 2.6214399999999994e-07, 9.206407546997073e-05, -0.2278967095597923)",0.0
"(0.45952825, 2.0971519999999997e-08, 1.4960412263870244e-05, -0.2280341506782888)",0.0
"(0.94773146, 0.0063999999999999994, 0.06601562500000001, -0.08224489795918367)",1.0
"(0.4535751, 0.0, 2.6857672212595103e-11, -0.22807017525119316)",1.0
"(0.4535751, 4.398046511103998e-16, 2.6857672212595103e-11, -0.22807017525119316)",0.0
"(0.97299383, 2.6214399999999994e-07, 5.523844528198243e-05, -0.22793773675934348)",0.5
"(0.4535751, 0.0, 1.6951587984280934e-09, -0.22807017000500837)",1.0
"(0.19170096, 2.0971519999999997e-08, 1.4960412263870244e-05, -0.22803796034681859)",0.0
"(0.45952825, 1.6777215999999996e-09, 2.431066992878915e-06, -0.2280634851259679)",0.0
"(0.94773146, 0.0005119999999999999, 0.010727539062500001, -0.20098833819241985)",1.0
"(0.4535751, 0.0, 4.364371734546704e-12, -0.22807017540379304)",1.0
"(0.4535751, 3.5184372088831984e-17, 4.364371734546704e-12, -0.22807017540379304)",0.0
"(0.97299383, 2.0971519999999997e-08, 8.976247358322146e-06, -0.22804557968387812)",1.0
"(0.4535751, 0.0, 2.7546330474456517e-10, -0.22807017442950153)",1.0
"(0.19170096, 1.6777215999999996e-09, 2.431066992878915e-06, -0.22806419263583774)",0.0
"(0.00637948, 0.08, 0.8125, 1.3)",0.0
"(0.94773146, 4.0959999999999994e-05, 0.0017432250976562502, -0.22304069137859228)",1.0
"(0.4535751, 0.0, 7.092104068638394e-13, -0.228070175432133)",1.0
"(0.4535751, 2.8147497671065586e-18, 7.092104068638394e-13, -0.228070175432133)",0.0
"(0.97299383, 1.6777215999999996e-09, 1.4586401957273488e-06, -0.22806560765557737)",1.0
"(0.4535751, 0.0, 4.476278702099184e-11, -0.22807017525119316)",1.0
"(0.19170096, 1.3421772799999996e-10, 3.9504838634282367e-07, -0.22806906434665558)",0.0
"(0.00637948, 0.0063999999999999994, 0.13203125000000002, 0.05571428571428572)",0.0
"(0.94773146, 3.2767999999999993e-06, 0.0002832740783691407, -0.22713612839888145)",1.0
"(0.4535751, 0.0, 1.152466911153739e-13, -0.22807017543739613)",1.0
"(0.4535751, 2.251799813685247e-19, 1.152466911153739e-13, -0.22807017543739613)",0.0
"(0.97299383, 1.3421772799999996e-10, 2.370290318056942e-07, -0.22806932713603578)",1.0
"(0.4535751, 0.0, 7.273952890911175e-12, -0.22807017540379304)",1.0
"(0.19170096, 1.0737418239999996e-11, 6.419536278070885e-08, -0.22806996909295033)",0.5
"(0.00637948, 0.0005119999999999999, 0.021455078125000002, -0.17536734693877554)",0.0
"(0.94773146, 2.6214399999999994e-07, 4.6032037734985366e-05, -0.2278967095597923)",1.0
"(0.4535751, 0.0, 1.872758730624826e-14, -0.22807017543837357)",1.0
"(0.4535751, 1.8014398509481974e-20, 1.872758730624826e-14, -0.22807017543837357)",0.0
"(0.97299383, 1.0737418239999996e-11, 3.851721766842531e-08, -0.22807001789669235)",1.0
"(0.4535751, 0.0, 1.1820173447730658e-12, -0.228070175432133)",1.0
"(0.19170096, 8.589934591999996e-13, 1.043174645186519e-08, -0.2280701371172622)",0.5
"(0.00637948, 4.0959999999999994e-05, 0.0034864501953125004, -0.21828250728862975)",0.0
"(0.94773146, 2.0971519999999997e-08, 7.480206131935122e-06, -0.22803796034681859)",1.0
"(0.12150697, 0.08, 0.8125, 1.3)",0.0
"(0.4535751, 0.0, 3.043232937265342e-15, -0.2280701754385551)",1.0
"(0.4535751, 1.441151880758558e-21, 3.043232937265342e-15, -0.2280701754385551)",0.0
"(0.97299383, 8.589934591999996e-13, 6.259047871119113e-09, -0.2280701461808143)",1.0
"(0.4535751, 0.0, 1.920778185256232e-13, -0.22807017543739613)",1.0
"(0.46913917, 0.08, 1.3, 1.2071428571428573)",1.0
"(0.00637948, 3.2767999999999993e-06, 0.0005665481567382814, -0.22625246563931695)",0.0
"(0.94773146, 1.6777215999999996e-09, 1.2155334964394574e-06, -0.22806419263583774)",1.0
"(0.12150697, 0.0063999999999999994, 0.13203125000000002, 0.05571428571428572)",0.0
"(0.4535751, 0.0, 4.945253523056181e-16, -0.2280701754385888)",1.0
"(0.4535751, 1.1529215046068462e-22, 4.945253523056181e-16, -0.2280701754385888)",0.0
"(0.97299383, 6.871947673599997e-14, 1.017095279056856e-09, -0.22807017000500837)",1.0
"(0.4535751, 0.0, 3.121264551041377e-14, -0.22807017543837357)",1.0
"(0.46913917, 0.0063999999999999994, 0.21125000000000002, 0.03846938775510207)",1.0
"(0.00637948, 2.6214399999999994e-07, 9.206407546997073e-05, -0.22773260076158747)",0.0
"(0.94773146, 1.3421772799999996e-10, 1.9752419317141184e-07, -0.22806906434665558)",1.0
"(0.12150697, 0.0005119999999999999, 0.021455078125000002, -0.17536734693877554)",0.0
"(0.4535751, 0.0, 8.036036974966294e-17, -0.2280701754385951)",1.0
"(0.4535751, 9.223372036854769e-24, 8.036036974966294e-17, -0.2280701754385951)",0.0
"(0.97299383, 5.497558138879998e-15, 1.652779828467391e-10, -0.22807017442950153)",1.0
"(0.4535751, 0.0, 5.0720548954422385e-15, -0.2280701754385551)",1.0
"(0.46913917, 0.0005119999999999999, 0.03432812500000001, -0.17856997084548104)",1.0
"(0.00637948, 2.0971519999999997e-08, 1.4960412263870244e-05, -0.22800748299858054)",0.0
"(0.94773146, 1.0737418239999996e-11, 3.209768139035443e-08, -0.22806996909295033)",1.0
"(0.45952825, 1.3421772799999996e-10, 3.9504838634282367e-07, -0.22806893295196548)",0.0
"(0.12150697, 4.0959999999999994e-05, 0.0034864501953125004, -0.21828250728862975)",0.0
"(0.47109073, 0.32, 0.0, 1.3)",1.0
"(0.4535751, 0.0, 1.3058560084320228e-17, -0.22807017543859623)",1.0
"(0.4535751, 7.378697629483815e-25, 1.3058560084320228e-17, -0.22807017543859623)",0.0
"(0.97299383, 4.398046511103998e-16, 2.6857672212595103e-11, -0.22807017525119316)",1.0
"(0.4535751, 0.0, 8.242089205093638e-16, -0.2280701754385888)",1.0
"(0.46913917, 4.0959999999999994e-05, 0.005578320312500002, -0.21887728029987508)",1.0
"(0.00637948, 1.6777215999999996e-09, 2.431066992878915e-06, -0.22805853255687925)",0.0
"(0.94773146, 8.589934591999996e-13, 5.215873225932595e-09, -0.2280701371172622)",1.0
"(0.45952825, 1.0737418239999996e-11, 6.419536278070885e-08, -0.2280699446910793)",0.0
"(0.12150697, 3.2767999999999993e-06, 0.0005665481567382814, -0.22625246563931695)",0.0
"(0.47109073, 0.025599999999999998, 0.0, 0.05571428571428572)",1.0
"(0.7428305, 0.32, 0.65, 0.37142857142857144)",1.0
"(0.90934714, 0.08, 0.48750000000000004, 0.4333333333333334)",1.0
"(0.7428305, 0.025599999999999998, 0.10562500000000001, -0.11673469387755102)",1.0
"(0.90934714, 0.0063999999999999994, 0.07921875, -0.10523809523809524)",1.0
"(0.7428305, 0.0020479999999999995, 0.017164062500000004, -0.20739358600583094)",1.0
"(0.90934714, 0.0005119999999999999, 0.012873046875, -0.20525850340136054)",1.0
"(0.7428305, 0.00016383999999999998, 0.002789160156250001, -0.2242302374010829)",1.0
"(0.90934714, 4.0959999999999994e-05, 0.0020918701171875, -0.22383372206025268)",1.0
"(0.7428305, 1.3107199999999997e-05, 0.00045323852539062517, -0.22735704408877255)",1.0
"(0.90934714, 3.2767999999999993e-06, 0.0003399288940429688, -0.2272834055254755)",1.0
"(0.7428305, 0.08, 0.48750000000000004, 0.37142857142857144)",1.0
"(0.7428305, 1.0485759999999998e-06, 7.365126037597659e-05, -0.22793773675934348)",1.0
"(0.90934714, 2.6214399999999994e-07, 5.523844528198243e-05, -0.22792406102615975)",1.0
"(0.7428305, 0.0063999999999999994, 0.07921875, -0.11673469387755102)",1.0
"(0.7428305, 8.388607999999999e-08, 1.1968329811096197e-05, -0.22804557968387812)",1.0
"(0.90934714, 2.0971519999999997e-08, 8.976247358322146e-06, -0.22804303990485822)",1.0
"(0.7428305, 0.0005119999999999999, 0.012873046875, -0.20739358600583094)",1.0
"(0.46913917, 0.08, 0.0, 1.1142857142857143)",1.0
"(0.7428305, 6.710886399999998e-09, 1.944853594303132e-06, -0.22806560765557737)",1.0
"(0.90934714, 1.6777215999999996e-09, 1.4586401957273488e-06, -0.22806513598233083)",1.0
"(0.7428305, 4.0959999999999994e-05, 0.0020918701171875, -0.2242302374010829)",1.0
"(0.46913917, 0.0063999999999999994, 0.0, 0.021224489795918376)",1.0
"(0.97299383, 0.0, 0.48750000000000004, 0.18571428571428572)",0.5
"(0.97299383, 0.0, 0.07921875, -0.15122448979591838)",0.5
"(0.97299383, 0.0, 0.012873046875, -0.21379883381924197)",0.5
"(0.97299383, 0.0, 0.0020918701171875, -0.22541978342357352)",0.5
"(0.97299383, 0.0, 0.0003399288940429688, -0.22757795977866369)",0.5
"(0.97299383, 0.0, 5.523844528198243e-05, -0.2279787639588947)",0.5
"(0.97299383, 0.0, 8.976247358322146e-06, -0.22805319902093757)",0.5
"(0.77854938, 0.16, 0.0, 0.4178571428571429)",0.0
"(0.77854938, 0.012799999999999999, 0.0, -0.10811224489795916)",0.0
"(0.77854938, 0.0010239999999999997, 0.0, -0.20579227405247813)",0.0
"(0.77854938, 0.08, 0.8125, 0.18571428571428572)",1.0
"(0.7428305, 0.08, 0.325, 0.37142857142857144)",0.0
"(0.77854938, 8.191999999999999e-05, 0.0, -0.22393285089546025)",0.0
"(0.77854938, 0.0063999999999999994, 0.13203125000000002, -0.15122448979591838)",1.0
"(0.7428305, 0.0063999999999999994, 0.052812500000000005, -0.11673469387755102)",0.0
"(0.77854938, 6.5535999999999985e-06, 0.0, -0.2273018151662998)",0.0
"(0.77854938, 0.0005119999999999999, 0.021455078125000002, -0.21379883381924197)",1.0
"(0.7428305, 0.0005119999999999999, 0.008582031250000002, -0.20739358600583094)",0.0
"(0.77854938, 5.242879999999999e-07, 0.0, -0.22792747995945567)",0.0
"(0.77854938, 4.0959999999999994e-05, 0.0034864501953125004, -0.22541978342357352)",1.0
"(0.7428305, 4.0959999999999994e-05, 0.0013945800781250005, -0.2242302374010829)",0.0
"(0.77854938, 4.1943039999999993e-08, 0.0, -0.22804367484961321)",0.0
"(0.77854938, 3.2767999999999993e-06, 0.0005665481567382814, -0.22757795977866369)",1.0
"(0.7428305, 3.2767999999999993e-06, 0.00022661926269531259, -0.22735704408877255)",0.0
"(0.77854938, 3.355443199999999e-09, 0.0, -0.22806525390064247)",0.0
"(0.77854938, 2.6214399999999994e-07, 9.206407546997073e-05, -0.2279787639588947)",1.0
"(0.7428305, 2.6214399999999994e-07, 3.6825630187988294e-05, -0.22793773675934348)",0.0
"(0.77854938, 2.684354559999999e-10, 0.0, -0.22806926143869075)",0.0
"(0.77854938, 2.0971519999999997e-08, 1.4960412263870244e-05, -0.22805319902093757)",1.0
"(0.7428305, 2.0971519999999997e-08, 5.984164905548098e-06, -0.22804557968387812)",0.0
"(0.77854938, 2.1474836479999992e-11, 0.0, -0.22807000569575686)",0.0
"(0.77854938, 1.6777215999999996e-09, 2.431066992878915e-06, -0.22806702267531698)",1.0
"(0.7428305, 1.6777215999999996e-09, 9.72426797151566e-07, -0.22806560765557737)",0.0
"(0.77854938, 1.7179869183999993e-12, 0.0, -0.22807014391492628)",0.0
"(0.77854938, 1.3421772799999996e-10, 3.9504838634282367e-07, -0.228069589925416)",1.0
"(0.7428305, 1.3421772799999996e-10, 1.580193545371295e-07, -0.22806932713603578)",0.0
"(0.77854938, 1.3743895347199994e-13, 0.0, -0.22807016958420057)",0.0
"(0.77854938, 1.0737418239999996e-11, 6.419536278070885e-08, -0.2280700667004344)",1.0
"(0.7428305, 1.0737418239999996e-11, 2.5678145112283544e-08, -0.22807001789669235)",0.0
"(0.77854938, 1.0995116277759996e-14, 0.0, -0.22807017435135157)",0.0
"(0.77854938, 8.589934591999996e-13, 1.043174645186519e-08, -0.22807015524436638)",1.0
"(0.7428305, 8.589934591999996e-13, 4.172698580746076e-09, -0.2280701461808143)",0.0
"(0.77854938, 8.796093022207996e-16, 0.0, -0.22807017523667958)",0.0
"(0.77854938, 6.871947673599997e-14, 1.6951587984280934e-09, -0.22807017168823948)",1.0
"(0.7428305, 6.871947673599997e-14, 6.780635193712374e-10, -0.22807017000500837)",0.0
"(0.7428305, 0.08, 0.0, 0.37142857142857144)",0.0
"(0.7428305, 0.0063999999999999994, 0.0, -0.11673469387755102)",0.0
"(0.7428305, 0.0005119999999999999, 0.0, -0.20739358600583094)",0.0
"(0.7428305, 4.0959999999999994e-05, 0.0, -0.2242302374010829)",0.0
"(0.7428305, 3.2767999999999993e-06, 0.0, -0.22735704408877255)",0.0
"(0.7428305, 2.6214399999999994e-07, 0.0, -0.22793773675934348)",0.0
"(0.7428305, 2.0971519999999997e-08, 0.0, -0.22804557968387812)",0.0
"(0.7428305, 1.6777215999999996e-09, 0.0, -0.22806560765557737)",0.0
"(0.7428305, 1.3421772799999996e-10, 0.0, -0.22806932713603578)",0.0
"(0.97529981, 0.08, 1.3, 0.5107142857142857)",1.0
"(0.7428305, 1.0737418239999996e-11, 0.0, -0.22807001789669235)",0.0
"(0.97529981, 0.0063999999999999994, 0.21125000000000002, -0.09086734693877552)",1.0
"(0.7428305, 8.589934591999996e-13, 0.0, -0.2280701461808143)",0.0
"(0.97529981, 0.0005119999999999999, 0.03432812500000001, -0.2025896501457726)",1.0
"(0.99466336, 0.08, 0.65, 0.7428571428571429)",1.0
"(0.7428305, 6.871947673599997e-14, 0.0, -0.22807017000500837)",0.0
"(0.97529981, 4.0959999999999994e-05, 0.005578320312500002, -0.22333807788421492)",1.0
"(0.99466336, 0.0063999999999999994, 0.10562500000000001, -0.04775510204081632)",1.0
"(0.7428305, 5.497558138879998e-15, 0.0, -0.22807017442950153)",0.0
"(0.97529981, 3.2767999999999993e-06, 0.0009064770507812503, -0.22719135732135418)",1.0
"(0.99466336, 0.0005119999999999999, 0.017164062500000004, -0.19458309037900873)",1.0
"(0.7428305, 4.398046511103998e-16, 0.0, -0.22807017525119316)",0.0
"(0.97529981, 2.6214399999999994e-07, 0.00014730252075195318, -0.22790696635968008)",1.0
"(0.99466336, 4.0959999999999994e-05, 0.002789160156250001, -0.2218511453561016)",1.0
"(0.47109073, 0.08, 0.0, 0.7428571428571429)",0.0
"(0.47109073, 0.0063999999999999994, 0.0, -0.04775510204081632)",0.0
"(0.97299383, 0.0, 0.48750000000000004, 0.12380952380952383)",0.5
"(0.97299383, 0.0, 0.07921875, -0.16272108843537417)",0.5
"(0.90934714, 0.08, 0.0, 0.5571428571428572)",1.0
"(0.97299383, 0.0, 0.012873046875, -0.21593391642371237)",0.5
"(0.90934714, 0.0063999999999999994, 0.0, -0.08224489795918367)",1.0
"(0.9879401, 0.0, 0.65, 0.4642857142857143)",0.5
"(0.97299383, 0.0, 0.0020918701171875, -0.22581629876440376)",0.5
"(0.90934714, 0.0005119999999999999, 0.0, -0.20098833819241985)",0.5
"(0.9879401, 0.0, 0.10562500000000001, -0.09948979591836735)",0.5
"(0.97299383, 0.0, 0.0003399288940429688, -0.22765159834196066)",0.5
"(0.90934714, 4.0959999999999994e-05, 0.0, -0.22304069137859228)",0.5
"(0.9879401, 0.0, 0.017164062500000004, -0.20419096209912538)",0.5
"(0.97299383, 0.0, 5.523844528198243e-05, -0.22799243969207844)",0.5
"(0.90934714, 3.2767999999999993e-06, 0.0, -0.22713612839888145)",0.5
"(0.9879401, 0.0, 0.002789160156250001, -0.22363546438983756)",0.5
"(0.97299383, 0.0, 8.976247358322146e-06, -0.22805573879995744)",0.5
"(0.90934714, 2.6214399999999994e-07, 0.0, -0.2278967095597923)",0.5
"(0.9879401, 0.0, 0.00045323852539062517, -0.22724658624382696)",0.5
"(0.97299383, 0.0, 1.4586401957273488e-06, -0.22806749434856355)",0.5
"(0.90934714, 2.0971519999999997e-08, 0.0, -0.22803796034681859)",0.5
"(0.9879401, 0.0, 7.365126037597659e-05, -0.22791722315956786)",0.5
"(0.97299383, 0.0, 2.370290318056942e-07, -0.22806967752187612)",0.5
"(0.90934714, 1.6777215999999996e-09, 0.0, -0.22806419263583774)",0.5
"(0.9879401, 0.0, 1.1968329811096197e-05, -0.22804177001534834)",0.5
"(0.7428305, 0.32, 0.48750000000000004, 0.5571428571428572)",1.0
"(0.7428305, 0.025599999999999998, 0.07921875, -0.08224489795918367)",0.5
"(0.45952825, 0.08, 0.43333333333333335, 0.30952380952380953)",0.0
"(0.7428305, 0.0020479999999999995, 0.012873046875, -0.20098833819241985)",1.0
"(0.45952825, 0.0063999999999999994, 0.07041666666666667, -0.1282312925170068)",0.0
"(0.71807842, 0.32, 0.7312500000000001, 0.6190476190476191)",0.0
"(0.7428305, 0.00016383999999999998, 0.0020918701171875, -0.22304069137859228)",1.0
"(0.45952825, 0.0005119999999999999, 0.011442708333333334, -0.20952866861030128)",0.0
"(0.71807842, 0.025599999999999998, 0.11882812500000002, -0.0707482993197279)",0.0
"(0.7428305, 1.3107199999999997e-05, 0.0003399288940429688, -0.22713612839888145)",1.0
"(0.45952825, 4.0959999999999994e-05, 0.0018594401041666668, -0.2246267527419131)",0.0
"(0.71807842, 0.0020479999999999995, 0.019309570312500003, -0.1988532555879495)",0.0
"(0.7428305, 1.0485759999999998e-06, 5.523844528198243e-05, -0.2278967095597923)",1.0
"(0.45952825, 3.2767999999999993e-06, 0.00030215901692708336, -0.22743068265206956)",0.0
"(0.71807842, 0.00016383999999999998, 0.0031378051757812507, -0.22264417603776204)",0.0
"(0.7428305, 8.388607999999999e-08, 8.976247358322146e-06, -0.22803796034681859)",1.0
"(0.45952825, 2.6214399999999994e-07, 4.910084025065105e-05, -0.22795141249252723)",0.0
"(0.71807842, 1.3107199999999997e-05, 0.0005098933410644532, -0.22706248983558439)",0.0
"(0.7428305, 6.710886399999998e-09, 1.4586401957273488e-06, -0.22806419263583774)",1.0
"(0.45952825, 2.0971519999999997e-08, 7.978886540730796e-06, -0.22804811946289794)",0.0
"(0.71807842, 1.0485759999999998e-06, 8.285766792297365e-05, -0.22788303382660854)",0.0
"(0.7428305, 5.368709119999998e-10, 2.370290318056942e-07, -0.22806906434665558)",1.0
"(0.45952825, 1.6777215999999996e-09, 1.2965690628687545e-06, -0.22806607932882392)",0.0
"(0.71807842, 8.388607999999999e-08, 1.3464371037483219e-05, -0.22803542056779874)",0.0
"(0.7428305, 4.2949672959999985e-11, 3.851721766842531e-08, -0.22806996909295033)",1.0
"(0.45952825, 1.3421772799999996e-10, 2.1069247271617261e-07, -0.22806941473249587)",0.0
"(0.71807842, 6.710886399999998e-09, 2.187960293591023e-06, -0.22806372096259123)",0.0
"(0.7428305, 0.0, 0.48750000000000004, 0.4178571428571429)",1.0
"(0.7428305, 0.0, 0.07921875, -0.10811224489795916)",1.0
"(0.7428305, 0.0, 0.012873046875, -0.20579227405247813)",1.0
"(0.99466336, 0.08, 0.0, 0.37142857142857144)",1.0
"(0.7428305, 0.0, 0.0020918701171875, -0.22393285089546025)",1.0
"(0.99466336, 0.0063999999999999994, 0.0, -0.11673469387755102)",1.0
"(0.7428305, 0.0, 0.0003399288940429688, -0.2273018151662998)",1.0
"(0.99466336, 0.0005119999999999999, 0.0, -0.20739358600583094)",1.0
"(0.7428305, 0.0, 5.523844528198243e-05, -0.22792747995945567)",1.0
"(0.99466336, 4.0959999999999994e-05, 0.0, -0.2242302374010829)",1.0
"(0.7428305, 0.0, 8.976247358322146e-06, -0.22804367484961321)",1.0
"(0.99466336, 3.2767999999999993e-06, 0.0, -0.22735704408877255)",1.0
"(0.7428305, 0.0, 1.4586401957273488e-06, -0.22806525390064247)",1.0
"(0.99466336, 2.6214399999999994e-07, 0.0, -0.22793773675934348)",1.0
"(0.47109073, 0.08, 0.0, 1.3)",1.0
"(0.90934714, 0.16, 0.48750000000000004, 0.37142857142857144)",1.0
"(0.99729938, 0.08, 0.0, 0.18571428571428572)",1.0
"(0.90934714, 0.012799999999999999, 0.07921875, -0.11673469387755102)",1.0
"(0.99729938, 0.0063999999999999994, 0.0, -0.15122448979591838)",1.0
"(0.90934714, 0.0010239999999999997, 0.012873046875, -0.20739358600583094)",1.0
"(0.99729938, 0.0005119999999999999, 0.0, -0.21379883381924197)",1.0
"(0.99729938, 0.08, 0.0, 0.0)",1.0
"(0.90934714, 8.191999999999999e-05, 0.0020918701171875, -0.2242302374010829)",1.0
"(0.99729938, 4.0959999999999994e-05, 0.0, -0.22541978342357352)",1.0
"(0.99729938, 0.0063999999999999994, 0.0, -0.18571428571428572)",1.0
"(0.90934714, 6.5535999999999985e-06, 0.0003399288940429688, -0.22735704408877255)",1.0
"(0.99729938, 3.2767999999999993e-06, 0.0, -0.22757795977866369)",1.0
"(0.99729938, 0.0005119999999999999, 0.0, -0.22020408163265306)",1.0
"(0.90934714, 0.5599999999999999, 0.0, 0.18571428571428572)",1.0
"(0.90934714, 0.04479999999999999, 0.0, -0.15122448979591838)",1.0
"(0.7428305, 0.08, 0.5416666666666667, 0.6035714285714286)",0.5
"(0.90934714, 0.003583999999999999, 0.0, -0.21379883381924197)",1.0
"(0.7428305, 0.0063999999999999994, 0.08802083333333335, -0.07362244897959183)",0.5
"(0.90934714, 0.0002867199999999999, 0.0, -0.22541978342357352)",0.5
"(0.7428305, 0.0005119999999999999, 0.01430338541666667, -0.19938702623906704)",0.5
"(0.99999643, 0.08, 0.56875, 0.0)",0.5
"(0.90934714, 2.2937599999999992e-05, 0.0, -0.22757795977866369)",0.5
"(0.7428305, 4.0959999999999994e-05, 0.0023243001302083338, -0.22274330487296962)",1.0
"(0.99999643, 0.0063999999999999994, 0.092421875, -0.18571428571428572)",0.5
"(0.90934714, 1.8350079999999992e-06, 0.0, -0.2279787639588947)",0.5
"(0.7428305, 3.2767999999999993e-06, 0.00037769877115885426, -0.22708089947640864)",1.0
"(0.99999643, 0.0005119999999999999, 0.015018554687500001, -0.22020408163265306)",0.5
"(0.90934714, 1.4680063999999993e-07, 0.0, -0.22805319902093757)",0.5
"(0.7428305, 2.6214399999999994e-07, 6.137605031331382e-05, -0.22788645275990446)",1.0
"(0.99999643, 4.0959999999999994e-05, 0.0024405151367187503, -0.22660932944606416)",0.5
"(0.90934714, 1.1744051199999994e-08, 0.0, -0.22806702267531698)",0.5
"(0.7428305, 2.0971519999999997e-08, 9.973608175913496e-06, -0.2280360555125537)",1.0
"(0.99999643, 3.2767999999999993e-06, 0.00039658370971679694, -0.22779887546855476)",0.5
"(0.90934714, 9.395240959999993e-10, 0.0, -0.228069589925416)",0.5
"(0.7428305, 1.6777215999999996e-09, 1.620711328585943e-06, -0.22806383888090284)",1.0
"(0.99999643, 2.6214399999999994e-07, 6.444485282897951e-05, -0.22801979115844587)",0.5
"(0.90934714, 7.516192767999994e-11, 0.0, -0.2280700667004344)",0.5
"(0.7428305, 1.3421772799999996e-10, 2.633655908952158e-07, -0.22806899864931052)",1.0
"(0.99999643, 2.0971519999999997e-08, 1.0472288584709171e-05, -0.2280608183579971)",0.5
"(0.90934714, 6.0129542143999944e-12, 0.0, -0.22807015524436638)",0.5
"(0.7428305, 1.0737418239999996e-11, 4.279690852047256e-08, -0.2280699568920148)",1.0
"(0.99999643, 1.6777215999999996e-09, 1.7017468950152404e-06, -0.2280684376950566)",0.5
"(0.90934714, 4.810363371519995e-13, 0.0, -0.22807017168823948)",0.5
"(0.7428305, 8.589934591999996e-13, 6.954497634576792e-09, -0.2280701348513742)",1.0
"(0.99999643, 1.3421772799999996e-10, 2.7653387043997656e-07, -0.2280698527147962)",0.5
"(0.90934714, 3.8482906972159967e-14, 0.0, -0.22807017474210162)",0.5
"(0.7428305, 6.871947673599997e-14, 1.1301058656187286e-09, -0.22807016790096954)",0.5
"(0.99999643, 1.0737418239999996e-11, 4.493675394649619e-08, -0.22807011550417644)",0.5
"(0.90934714, 3.0786325577727972e-15, 0.0, -0.22807017530924747)",0.5
"(0.7428305, 5.497558138879998e-15, 1.836422031630434e-10, -0.2280701740387515)",0.5
"(0.99999643, 8.589934591999996e-13, 7.302222516305632e-09, -0.2280701643079185)",0.5
"(0.90934714, 2.4629060462182377e-16, 0.0, -0.22807017541457456)",0.5
"(0.7428305, 4.398046511103998e-16, 2.9841858013994555e-11, -0.22807017517862527)",0.5
"(0.99999643, 6.871947673599997e-14, 1.1866111588996652e-09, -0.2280701733714706)",0.5
"(0.90934714, 1.97032483697459e-17, 0.0, -0.22807017543413532)",0.5
"(0.7428305, 3.5184372088831984e-17, 4.849301927274116e-12, -0.2280701753903161)",0.5
"(0.99999643, 5.497558138879998e-15, 1.9282431332119562e-10, -0.22807017505470167)",0.5
"(0.90934714, 1.576259869579672e-18, 0.0, -0.228070175437768)",0.5
"(0.7428305, 2.8147497671065586e-18, 7.880115631820438e-13, -0.22807017542963012)",0.5
"(0.99999643, 4.398046511103998e-16, 3.133395091469429e-11, -0.22807017536730176)",0.5
"(0.90934714, 1.2610078956637377e-19, 0.0, -0.22807017543844266)",0.5
"(0.7428305, 2.251799813685247e-19, 1.2805187901708212e-13, -0.22807017543693134)",0.5
"(0.99999643, 3.5184372088831984e-17, 5.091767023637822e-12, -0.22807017542535607)",0.5
"(0.90934714, 1.0088063165309901e-20, 0.0, -0.22807017543856795)",0.5
"(0.7428305, 1.8014398509481974e-20, 2.0808430340275846e-14, -0.22807017543828725)",0.5
"(0.99999643, 2.8147497671065586e-18, 8.274121413411461e-13, -0.22807017543613756)",0.5
"(0.90934714, 8.070450532247921e-22, 0.0, -0.22807017543859118)",0.5
"(0.7428305, 1.441151880758558e-21, 3.381369930294825e-15, -0.22807017543853908)",0.5
"(0.99999643, 2.251799813685247e-19, 1.3445447296793624e-13, -0.22807017543813987)",0.5
"(0.90934714, 6.456360425798336e-23, 0.0, -0.2280701754385955)",0.5
"(0.7428305, 1.1529215046068462e-22, 5.49472613672909e-16, -0.22807017543858585)",0.5
"(0.99999643, 1.8014398509481974e-20, 2.184885185728964e-14, -0.22807017543851169)",0.5
"(0.90934714, 5.165088340638669e-24, 0.0, -0.2280701754385963)",0.5
"(0.7428305, 9.223372036854769e-24, 8.928929972184771e-17, -0.22807017543859454)",0.5
"(0.99999643, 1.441151880758558e-21, 3.5504384268095665e-15, -0.22807017543858074)",0.5
"(0.90934714, 4.132070672510935e-25, 0.0, -0.22807017543859645)",0.5
"(0.7428305, 7.378697629483815e-25, 1.4509511204800254e-17, -0.22807017543859612)",0.5
"(0.99999643, 1.1529215046068462e-22, 5.769462443565546e-16, -0.22807017543859356)",0.5
"(0.90934714, 3.305656538008748e-26, 0.0, -0.22807017543859653)",0.5
"(0.7428305, 5.902958103587051e-26, 2.3577955707800414e-18, -0.22807017543859642)",0.5
"(0.99999643, 9.223372036854769e-24, 9.375376470794012e-17, -0.22807017543859598)",0.5
"(0.77854938, 0.24, 0.325, 0.18571428571428572)",0.0
"(0.77854938, 0.0192, 0.052812500000000005, -0.15122448979591838)",0.0
"(0.77854938, 0.0015359999999999998, 0.008582031250000002, -0.21379883381924197)",0.0
"(0.77854938, 0.00012287999999999996, 0.0013945800781250005, -0.22541978342357352)",0.0
"(0.77854938, 9.830399999999997e-06, 0.00022661926269531259, -0.22757795977866369)",0.0
"(0.99906917, 0.08, 0.5958333333333333, 0.37142857142857144)",1.0
"(0.77854938, 7.864319999999997e-07, 3.6825630187988294e-05, -0.2279787639588947)",0.0
"(0.99906917, 0.0063999999999999994, 0.09682291666666668, -0.11673469387755102)",1.0
"(0.77854938, 6.291455999999997e-08, 5.984164905548098e-06, -0.22805319902093757)",0.0
"(0.99906917, 0.0005119999999999999, 0.015733723958333334, -0.20739358600583094)",1.0
"(0.77854938, 5.033164799999997e-09, 9.72426797151566e-07, -0.22806702267531698)",0.0
"(0.99906917, 4.0959999999999994e-05, 0.002556730143229167, -0.2242302374010829)",1.0
"(0.77854938, 4.0265318399999977e-10, 1.580193545371295e-07, -0.228069589925416)",0.0
"(0.99906917, 3.2767999999999993e-06, 0.00041546864827473966, -0.22735704408877255)",1.0
"(0.99984997, 0.08, 0.36562500000000003, 0.09285714285714286)",0.5
"(0.4535751, 0.0, 0.40625, 0.4642857142857143)",1.0
"(0.99984997, 0.0063999999999999994, 0.05941406250000001, -0.16846938775510203)",0.5
"(0.4535751, 0.0, 0.06601562500000001, -0.09948979591836735)",1.0
"(0.83796296, 0.16, 0.1625, 0.0)",1.0
"(0.99984997, 0.0005119999999999999, 0.009654785156250002, -0.2170014577259475)",0.5
"(0.4535751, 0.0, 0.010727539062500001, -0.20419096209912538)",0.5
"(0.83796296, 0.012799999999999999, 0.026406250000000003, -0.18571428571428572)",1.0
"(0.99984997, 4.0959999999999994e-05, 0.0015689025878906253, -0.22601455643481883)",0.5
"(0.4535751, 0.0, 0.0017432250976562502, -0.22363546438983756)",1.0
"(0.83796296, 0.0010239999999999997, 0.004291015625000001, -0.22020408163265306)",1.0
"(0.99984997, 3.2767999999999993e-06, 0.0002549466705322266, -0.22768841762360922)",1.0
"(0.4535751, 0.0, 0.0002832740783691407, -0.22724658624382696)",1.0
"(0.83796296, 8.191999999999999e-05, 0.0006972900390625002, -0.22660932944606416)",1.0
"(0.99984997, 2.6214399999999994e-07, 4.1428833961486827e-05, -0.22799927755867028)",1.0
"(0.4535751, 0.0, 4.6032037734985366e-05, -0.22791722315956786)",1.0
"(0.83796296, 6.5535999999999985e-06, 0.00011330963134765629, -0.22779887546855476)",1.0
"(1.0, 0.08, 0.325, 0.0)",1.0
"(0.99984997, 2.0971519999999997e-08, 6.732185518741609e-06, -0.22805700868946735)",1.0
"(0.4535751, 0.0, 7.480206131935122e-06, -0.22804177001534834)",1.0
"(0.83796296, 5.242879999999999e-07, 1.8412815093994147e-05, -0.22801979115844587)",1.0
"(1.0, 0.0063999999999999994, 0.052812500000000005, -0.18571428571428572)",1.0
"(0.99984997, 1.6777215999999996e-09, 1.0939801467955115e-06, -0.2280677301851868)",1.0
"(0.4535751, 0.0, 1.2155334964394574e-06, -0.22806490014570754)",1.0
"(0.83796296, 4.1943039999999993e-08, 2.992082452774049e-06, -0.2280608183579971)",1.0
"(1.0, 0.0005119999999999999, 0.008582031250000002, -0.22020408163265306)",1.0
"(0.99984997, 1.3421772799999996e-10, 1.7777177385427064e-07, -0.2280697213201061)",1.0
"(0.4535751, 0.0, 1.9752419317141184e-07, -0.22806919574134568)",1.0
"(0.83796296, 3.355443199999999e-09, 4.86213398575783e-07, -0.2280684376950566)",1.0
"(1.0, 4.0959999999999994e-05, 0.0013945800781250005, -0.22660932944606416)",1.0
"(7.095e-05, 0.08, 0.0, 1.1142857142857143)",0.0
"(0.4535751, 0.08, 0.0, 0.37142857142857144)",1
"(0.4535751, 0.0063999999999999994, 0.0, -0.11673469387755102)",1
"(0.44367284, 0.08, 0.0, 0.2785714285714286)",0.0
"(0.4535751, 0.0005119999999999999, 0.0, -0.20739358600583094)",1
"(0.44367284, 0.0063999999999999994, 0.0, -0.1339795918367347)",0.0
"(0.4535751, 4.0959999999999994e-05, 0.0, -0.2242302374010829)",1
"(0.44367284, 0.0005119999999999999, 0.0, -0.21059620991253647)",0.0
"(0.4535751, 3.2767999999999993e-06, 0.0, -0.22735704408877255)",1
"(0.44367284, 4.0959999999999994e-05, 0.0, -0.2248250104123282)",0.0
"(0.4535751, 2.6214399999999994e-07, 0.0, -0.22793773675934348)",1
"(0.44367284, 3.2767999999999993e-06, 0.0, -0.2274675019337181)",0.0
"(0.4535751, 2.0971519999999997e-08, 0.0, -0.22804557968387812)",1
"(0.44367284, 2.6214399999999994e-07, 0.0, -0.22795825035911907)",0.0
"(0.4535751, 1.6777215999999996e-09, 0.0, -0.22806560765557737)",1
"(0.44367284, 2.0971519999999997e-08, 0.0, -0.22804938935240782)",0.0
"(0.4535751, 1.3421772799999996e-10, 0.0, -0.22806932713603578)",1
"(0.44367284, 1.6777215999999996e-09, 0.0, -0.22806631516544715)",0.0
"(0.4535751, 1.0737418239999996e-11, 0.0, -0.22807001789669235)",1
"(0.44367284, 1.3421772799999996e-10, 0.0, -0.2280694585307259)",0.0
"(0.00288998, 0.08, 0.0, 1.1142857142857143)",0.0
"(0.4535751, 8.589934591999996e-13, 0.0, -0.2280701461808143)",1
"(0.44367284, 1.0737418239999996e-11, 0.0, -0.2280700422985634)",0.0
"(0.00288998, 0.0063999999999999994, 0.0, 0.021224489795918376)",0.0
"(0.4535751, 6.871947673599997e-14, 0.0, -0.22807017000500837)",0.0
"(0.44367284, 8.589934591999996e-13, 0.0, -0.22807015071259032)",0.0
"(0.00288998, 0.0005119999999999999, 0.0, -0.18177259475218657)",0.0
"(0.99980134, 0.08, 0.9208333333333334, 0.4642857142857143)",1.0
"(0.12150697, 0.08, 0.0, 0.8666666666666668)",0.0
"(0.4535751, 5.497558138879998e-15, 0.0, -0.22807017442950153)",0.0
"(0.44367284, 6.871947673599997e-14, 0.0, -0.22807017084662393)",0.0
"(0.00288998, 4.0959999999999994e-05, 0.0, -0.21947205331112038)",0.0
"(0.99980134, 0.0063999999999999994, 0.1496354166666667, -0.09948979591836735)",1.0
"(0.12150697, 0.0063999999999999994, 0.0, -0.02476190476190474)",0.0
"(0.4535751, 4.398046511103998e-16, 0.0, -0.22807017525119316)",0.0
"(0.44367284, 5.497558138879998e-15, 0.0, -0.22807017458580162)",0.0
"(0.00288998, 3.2767999999999993e-06, 0.0, -0.22647338132920808)",0.0
"(0.99980134, 0.0005119999999999999, 0.024315755208333338, -0.20419096209912538)",1.0
"(0.12150697, 0.0005119999999999999, 0.0, -0.190312925170068)",0.0
"(0.4535751, 3.5184372088831984e-17, 0.0, -0.22807017540379304)",0.0
"(0.44367284, 4.398046511103998e-16, 0.0, -0.2280701752802203)",0.0
"(0.00288998, 2.6214399999999994e-07, 0.0, -0.22777362796113867)",0.0
"(0.99980134, 4.0959999999999994e-05, 0.003951310221354167, -0.22363546438983756)",1.0
"(0.12150697, 4.0959999999999994e-05, 0.0, -0.2210581146744412)",0.0
"(0.4535751, 2.8147497671065586e-18, 0.0, -0.228070175432133)",0.0
"(0.44367284, 3.5184372088831984e-17, 0.0, -0.22807017540918378)",0.0
"(0.00288998, 2.0971519999999997e-08, 0.0, -0.22801510233564004)",0.0
"(0.99980134, 3.2767999999999993e-06, 0.0006420879109700522, -0.22724658624382696)",1.0
"(0.12150697, 3.2767999999999993e-06, 0.0, -0.22676793558239625)",0.0
"(0.4535751, 2.251799813685247e-19, 0.0, -0.22807017543739613)",0.0
"(0.44367284, 2.8147497671065586e-18, 0.0, -0.22807017543313413)",0.0
"(0.00288998, 1.6777215999999996e-09, 0.0, -0.22805994757661885)",0.0
"(0.99980134, 2.6214399999999994e-07, 0.00010433928553263349, -0.22791722315956786)",1.0
"(0.12150697, 2.6214399999999994e-07, 0.0, -0.22782833089387358)",0.0
"(0.4535751, 1.8014398509481974e-20, 0.0, -0.22807017543837357)",0.0
"(0.44367284, 2.251799813685247e-19, 0.0, -0.22807017543758204)",0.0
"(0.00288998, 1.3421772799999996e-10, 0.0, -0.22806827597851495)",0.0
"(0.99980134, 2.0971519999999997e-08, 1.695513389905294e-05, -0.22804177001534834)",1.0
"(0.12150697, 2.0971519999999997e-08, 0.0, -0.2280252614517194)",0.0
"(0.4535751, 1.441151880758558e-21, 0.0, -0.2280701754385551)",0.0
"(0.44367284, 1.8014398509481974e-20, 0.0, -0.2280701754384081)",0.0
"(0.00288998, 1.0737418239999996e-11, 0.0, -0.22806982268172418)",0.0
"(0.99980134, 1.6777215999999996e-09, 2.755209258596103e-06, -0.22806490014570754)",1.0
"(0.12150697, 1.6777215999999996e-09, 0.0, -0.228061834269605)",0.0
"(0.4535751, 1.1529215046068462e-22, 0.0, -0.2280701754385888)",0.0
"(0.44367284, 1.441151880758558e-21, 0.0, -0.22807017543856148)",0.0
"(0.00288998, 8.589934591999996e-13, 0.0, -0.2280701099266059)",0.0
"(0.99980134, 1.3421772799999996e-10, 4.477215045218668e-07, -0.22806919574134568)",1.0
"(0.12150697, 1.3421772799999996e-10, 0.0, -0.22806862636435524)",0.0
"(0.4535751, 9.223372036854769e-24, 0.0, -0.2280701754385951)",0.0
"(0.44367284, 1.1529215046068462e-22, 0.0, -0.22807017543858998)",0.0
"(0.00288998, 6.871947673599997e-14, 0.0, -0.22807016327208393)",0.0
"(0.99980134, 1.0737418239999996e-11, 7.275474448480336e-08, -0.22806999349482135)",1.0
"(0.12150697, 1.0737418239999996e-11, 0.0, -0.22806988775338025)",0.0
"(0.4535751, 7.378697629483815e-25, 0.0, -0.22807017543859623)",0.0
"(0.44367284, 9.223372036854769e-24, 0.0, -0.22807017543859529)",0.0
"(0.00288998, 5.497558138879998e-15, 0.0, -0.2280701731791013)",0.0
"(0.99980134, 8.589934591999996e-13, 1.1822645978780547e-08, -0.22807014164903827)",1.0
"(0.12150697, 8.589934591999996e-13, 0.0, -0.22807012201134202)",0.0
"(0.47109073, 0.08, 0.65, 1.3)",1.0
"(0.4535751, 5.902958103587051e-26, 0.0, -0.22807017543859645)",0.0
"(0.44367284, 7.378697629483815e-25, 0.0, -0.22807017543859626)",0.0
"(0.00288998, 4.398046511103998e-16, 0.0, -0.22807017501897595)",0.0
"(0.99980134, 6.871947673599997e-14, 1.921179971551839e-09, -0.22807016916339282)",1.0
"(0.12150697, 6.871947673599997e-14, 0.0, -0.22807016551639211)",0.0
"(0.47109073, 0.0063999999999999994, 0.10562500000000001, 0.05571428571428572)",0.5
"(0.4535751, 4.722366482869641e-27, 0.0, -0.22807017543859653)",0.0
"(0.44367284, 5.902958103587051e-26, 0.0, -0.22807017543859645)",0.0
"(0.00288998, 3.5184372088831984e-17, 0.0, -0.22807017536066698)",0.0
"(0.99980134, 5.497558138879998e-15, 3.1219174537717384e-10, -0.22807017427320153)",1.0
"(0.12150697, 5.497558138879998e-15, 0.0, -0.2280701735959014)",0.0
"(0.47109073, 0.0005119999999999999, 0.017164062500000004, -0.17536734693877554)",1.0
"(0.4535751, 3.7778931862957126e-28, 0.0, -0.22807017543859653)",0.0
"(0.44367284, 4.722366482869641e-27, 0.0, -0.22807017543859653)",0.0
"(0.00288998, 2.8147497671065586e-18, 0.0, -0.2280701754241239)",0.0
"(0.99980134, 4.398046511103998e-16, 5.073115862379075e-11, -0.228070175222166)",1.0
"(0.12150697, 4.398046511103998e-16, 0.0, -0.2280701750963817)",0.0
"(0.47109073, 4.0959999999999994e-05, 0.002789160156250001, -0.21828250728862975)",0.0
"(0.99906917, 0.08, 0.48750000000000004, 0.37142857142857144)",0.5
"(0.4535751, 3.02231454903657e-29, 0.0, -0.22807017543859653)",0.0
"(0.44367284, 3.7778931862957126e-28, 0.0, -0.22807017543859653)",0.0
"(0.00288998, 2.251799813685247e-19, 0.0, -0.2280701754359087)",0.0
"(0.99980134, 3.5184372088831984e-17, 8.243813276365997e-12, -0.22807017539840224)",1.0
"(0.12150697, 3.5184372088831984e-17, 0.0, -0.2280701753750423)",0.0
"(0.47109073, 3.2767999999999993e-06, 0.00045323852539062517, -0.22625246563931695)",0.0
"(0.99906917, 0.0063999999999999994, 0.07921875, -0.11673469387755102)",0.5
"(0.4535751, 2.417851639229256e-30, 0.0, -0.22807017543859653)",0.0
"(0.44367284, 3.02231454903657e-29, 0.0, -0.22807017543859653)",0.0
"(0.00288998, 1.8014398509481974e-20, 0.0, -0.22807017543809732)",0.0
"(0.99980134, 2.8147497671065586e-18, 1.3396196574094747e-12, -0.22807017543113187)",1.0
"(0.12150697, 2.8147497671065586e-18, 0.0, -0.2280701754267936)",0.0
"(0.47109073, 2.6214399999999994e-07, 7.365126037597659e-05, -0.22773260076158747)",0.0
"(0.99906917, 0.0005119999999999999, 0.012873046875, -0.20739358600583094)",0.5
"(0.4535751, 1.9342813113834046e-31, 0.0, -0.22807017543859653)",0.0
"(0.44367284, 2.417851639229256e-30, 0.0, -0.22807017543859653)",0.0
"(0.00288998, 1.441151880758558e-21, 0.0, -0.2280701754385038)",0.0
"(0.99980134, 2.251799813685247e-19, 2.1768819432903965e-13, -0.2280701754372102)",1.0
"(0.12150697, 2.251799813685247e-19, 0.0, -0.22807017543640454)",0.0
"(0.47109073, 2.0971519999999997e-08, 1.1968329811096197e-05, -0.22800748299858054)",0.0
"(0.4535751, 1.5474250491067235e-32, 0.0, -0.22807017543859653)",0.0
"(0.44367284, 1.9342813113834046e-31, 0.0, -0.22807017543859653)",0.0
"(0.00288998, 1.1529215046068462e-22, 0.0, -0.22807017543857927)",0.0
"(0.99980134, 1.8014398509481974e-20, 3.5374331578468945e-14, -0.22807017543833907)",1.0
"(0.12150697, 1.8014398509481974e-20, 0.0, -0.22807017543818942)",0.0
"(0.47109073, 1.6777215999999996e-09, 1.944853594303132e-06, -0.22805853255687925)",0.0
"(0.4535751, 1.2379400392853787e-33, 0.0, -0.22807017543859653)",0.0
"(0.44367284, 1.5474250491067235e-32, 0.0, -0.22807017543859653)",0.0
"(0.00288998, 9.223372036854769e-24, 0.0, -0.2280701754385933)",0.0
"(0.99980134, 1.441151880758558e-21, 5.748328881501204e-15, -0.2280701754385487)",1.0
"(0.12150697, 1.441151880758558e-21, 0.0, -0.22807017543852093)",0.0
"(0.47109073, 1.3421772799999996e-10, 3.16038709074259e-07, -0.22806801318913472)",0.0
"(0.71807842, 0.5599999999999999, 1.1375, 0.8357142857142859)",0.5
"(0.71807842, 0.04479999999999999, 0.18484375, -0.030510204081632627)",1.0
"(0.71807842, 0.003583999999999999, 0.030037109375000003, -0.1913804664723032)",1.0
"(0.71807842, 0.0002867199999999999, 0.004881030273437501, -0.22125637234485632)",1.0
"(0.71807842, 2.2937599999999992e-05, 0.0007931674194335939, -0.22680475486404475)",1.0
"(0.71807842, 1.8350079999999992e-06, 0.00012888970565795902, -0.22783516876046547)",1.0
"(0.71807842, 1.4680063999999993e-07, 2.0944577169418343e-05, -0.2280265313412293)",1.0
"(1.0, 0.08, 0.65, 0.0)",1.0
"(0.15200617, 0.08, 0.48750000000000004, 0.37142857142857144)",0.0
"(0.4535751, 0.16, 0.0, 0.37142857142857144)",1.0
"(0.15200617, 0.0063999999999999994, 0.07921875, -0.11673469387755102)",0.0
"(0.4535751, 0.012799999999999999, 0.0, -0.11673469387755102)",1.0
"(0.15200617, 0.0005119999999999999, 0.012873046875, -0.20739358600583094)",0.0
"(0.4535751, 0.0010239999999999997, 0.0, -0.20739358600583094)",1.0
"(0.15200617, 4.0959999999999994e-05, 0.0020918701171875, -0.2242302374010829)",0.0
"(0.4535751, 8.191999999999999e-05, 0.0, -0.2242302374010829)",1.0
"(0.45952825, 0.08, 0.65, 0.65)",1.0
"(0.15200617, 3.2767999999999993e-06, 0.0003399288940429688, -0.22735704408877255)",0.0
"(0.4535751, 6.5535999999999985e-06, 0.0, -0.22735704408877255)",1.0
"(0.45952825, 0.0063999999999999994, 0.10562500000000001, -0.065)",1.0
"(0.15200617, 2.6214399999999994e-07, 5.523844528198243e-05, -0.22793773675934348)",0.0
"(0.4535751, 5.242879999999999e-07, 0.0, -0.22793773675934348)",1.0
"(0.45952825, 0.0005119999999999999, 0.017164062500000004, -0.1977857142857143)",0.5
"(0.15200617, 2.0971519999999997e-08, 8.976247358322146e-06, -0.22804557968387812)",0.0
"(0.4535751, 4.1943039999999993e-08, 0.0, -0.22804557968387812)",1.0
"(0.45952825, 4.0959999999999994e-05, 0.002789160156250001, -0.22244591836734692)",0.5
"(0.15200617, 1.6777215999999996e-09, 1.4586401957273488e-06, -0.22806560765557737)",0.0
"(0.4535751, 3.355443199999999e-09, 0.0, -0.22806560765557737)",1.0
"(0.45952825, 3.2767999999999993e-06, 0.00045323852539062517, -0.22702567055393585)",0.5
"(0.99998345, 0.16, 0.56875, 0.18571428571428572)",1.0
"(0.15200617, 1.3421772799999996e-10, 2.370290318056942e-07, -0.22806932713603578)",0.0
"(0.4535751, 2.684354559999999e-10, 0.0, -0.22806932713603578)",1.0
"(0.45952825, 2.6214399999999994e-07, 7.365126037597659e-05, -0.22787619596001663)",0.5
"(0.99998345, 0.012799999999999999, 0.092421875, -0.15122448979591838)",1.0
"(0.99906917, 0.08, 0.8125, 0.37142857142857144)",1.0
"(0.15200617, 1.0737418239999996e-11, 3.851721766842531e-08, -0.22807001789669235)",0.0
"(0.4535751, 2.1474836479999992e-11, 0.0, -0.22807001789669235)",1.0
"(0.45952825, 2.0971519999999997e-08, 1.1968329811096197e-05, -0.2280341506782888)",0.5
"(0.99998345, 0.0010239999999999997, 0.015018554687500001, -0.21379883381924197)",1.0
"(0.99906917, 0.0063999999999999994, 0.13203125000000002, -0.11673469387755102)",1.0
"(0.99729938, 0.08, 0.48750000000000004, 0.0)",1.0
"(0.99729938, 0.0063999999999999994, 0.07921875, -0.18571428571428572)",0.5
"(0.93923611, 0.08, 0.8125, 0.30952380952380953)",0.5
"(0.99729938, 0.0005119999999999999, 0.012873046875, -0.22020408163265306)",1.0
"(0.93923611, 0.0063999999999999994, 0.13203125000000002, -0.1282312925170068)",0.5
"(0.99729938, 4.0959999999999994e-05, 0.0020918701171875, -0.22660932944606416)",0.5
"(0.93923611, 0.0005119999999999999, 0.021455078125000002, -0.20952866861030128)",0.5
"(0.99729938, 3.2767999999999993e-06, 0.0003399288940429688, -0.22779887546855476)",0.5
"(0.93923611, 4.0959999999999994e-05, 0.0034864501953125004, -0.2246267527419131)",0.5
"(0.99729938, 2.6214399999999994e-07, 5.523844528198243e-05, -0.22801979115844587)",0.5
"(0.93923611, 3.2767999999999993e-06, 0.0005665481567382814, -0.22743068265206956)",0.5
"(0.7428305, 3.2767999999999993e-06, 0.0003399288940429688, -0.22735704408877255)",1.0
"(0.99729938, 0.08, 0.8125, 0.2785714285714286)",0.5
"(4.73e-06, 0.08, 0.48750000000000004, 1.3)",0.0
"(0.99729938, 2.0971519999999997e-08, 8.976247358322146e-06, -0.2280608183579971)",0.5
"(0.93923611, 2.6214399999999994e-07, 9.206407546997073e-05, -0.22795141249252723)",0.5
"(0.7428305, 2.6214399999999994e-07, 5.523844528198243e-05, -0.22793773675934348)",1.0
"(0.99729938, 0.0063999999999999994, 0.13203125000000002, -0.1339795918367347)",0.5
"(4.73e-06, 0.0063999999999999994, 0.07921875, 0.05571428571428572)",0.0
"(0.67345564, 0.08, 0.1625, 1.1142857142857143)",1.0
"(0.03674187, 0.0, 0.7041666666666666, 0.9285714285714286)",0.0
"(0.99729938, 1.6777215999999996e-09, 1.4586401957273488e-06, -0.2280684376950566)",0.5
"(0.93923611, 2.0971519999999997e-08, 1.4960412263870244e-05, -0.22804811946289794)",0.5
"(0.7428305, 2.0971519999999997e-08, 8.976247358322146e-06, -0.22804557968387812)",0.5
"(0.99729938, 0.0005119999999999999, 0.021455078125000002, -0.21059620991253647)",0.5
"(4.73e-06, 0.0005119999999999999, 0.012873046875, -0.17536734693877554)",0.0
"(0.67345564, 0.0063999999999999994, 0.026406250000000003, 0.021224489795918376)",1.0
"(0.03674187, 0.0, 0.11442708333333333, -0.013265306122448974)",0.0
"(0.99729938, 1.3421772799999996e-10, 2.370290318056942e-07, -0.2280698527147962)",0.5
"(0.93923611, 1.6777215999999996e-09, 2.431066992878915e-06, -0.22806607932882392)",0.5
"(0.7428305, 1.6777215999999996e-09, 1.4586401957273488e-06, -0.22806560765557737)",0.5
"(0.99729938, 4.0959999999999994e-05, 0.0034864501953125004, -0.2248250104123282)",0.5
"(4.73e-06, 4.0959999999999994e-05, 0.0020918701171875, -0.21828250728862975)",0.0
"(0.67345564, 0.0005119999999999999, 0.004291015625000001, -0.18177259475218657)",1.0
"(0.03674187, 0.0, 0.018594401041666667, -0.18817784256559766)",0.0
"(0.99729938, 1.0737418239999996e-11, 3.851721766842531e-08, -0.22807011550417644)",0.5
"(0.93923611, 1.3421772799999996e-10, 3.9504838634282367e-07, -0.22806941473249587)",0.5
"(0.7428305, 1.3421772799999996e-10, 2.370290318056942e-07, -0.22806932713603578)",0.5
"(0.99729938, 3.2767999999999993e-06, 0.0005665481567382814, -0.2274675019337181)",0.5
"(4.73e-06, 3.2767999999999993e-06, 0.0003399288940429688, -0.22625246563931695)",0.0
"(0.67345564, 4.0959999999999994e-05, 0.0006972900390625002, -0.21947205331112038)",1.0
"(0.03674187, 0.0, 0.0030215901692708332, -0.220661599333611)",0.0
"(0.99729938, 8.589934591999996e-13, 6.259047871119113e-09, -0.2280701643079185)",0.5
"(0.93923611, 1.0737418239999996e-11, 6.419536278070885e-08, -0.2280700341646064)",0.5
"(0.7428305, 1.0737418239999996e-11, 3.851721766842531e-08, -0.22807001789669235)",0.5
"(0.99729938, 2.6214399999999994e-07, 9.206407546997073e-05, -0.22795825035911907)",0.5
"(4.73e-06, 2.6214399999999994e-07, 5.523844528198243e-05, -0.22773260076158747)",0.0
"(0.67345564, 3.2767999999999993e-06, 0.00011330963134765629, -0.22647338132920808)",1.0
"(0.03674187, 0.0, 0.0004910084025065105, -0.22669429701909918)",0.0
"(0.99729938, 6.871947673599997e-14, 1.017095279056856e-09, -0.2280701733714706)",0.5
"(0.93923611, 8.589934591999996e-13, 1.043174645186519e-08, -0.22807014920199833)",0.5
"(0.7428305, 8.589934591999996e-13, 6.259047871119113e-09, -0.2280701461808143)",0.5
"(0.99729938, 2.0971519999999997e-08, 1.4960412263870244e-05, -0.22804938935240782)",0.5
"(4.73e-06, 2.0971519999999997e-08, 8.976247358322146e-06, -0.22800748299858054)",0.0
"(0.67345564, 2.6214399999999994e-07, 1.8412815093994147e-05, -0.22777362796113867)",1.0
"(0.03674187, 0.0, 7.978886540730795e-05, -0.22781465516068988)",0.0
"(0.4535751, 0.0, 0.0, 0.37142857142857144)",0.0
"(0.4535751, 0.0, 0.0, -0.11673469387755102)",0.0
"(0.4535751, 0.0, 0.0, -0.20739358600583094)",0.0
"(0.4535751, 0.0, 0.0, -0.2242302374010829)",0.0
"(0.4535751, 0.0, 0.0, -0.22735704408877255)",0.0
"(0.4535751, 0.0, 0.0, -0.22793773675934348)",0.0
"(0.4535751, 0.0, 0.0, -0.22804557968387812)",0.0
"(0.4535751, 0.0, 0.0, -0.22806560765557737)",0.0
"(0.4535751, 0.0, 0.0, -0.22806932713603578)",0.0
"(0.4535751, 0.0, 0.0, -0.22807001789669235)",0.0
"(0.4535751, 0.0, 0.0, -0.2280701461808143)",0.0
"(0.4535751, 0.0, 0.0, -0.22807017000500837)",0.0
"(0.4535751, 0.0, 0.0, -0.22807017442950153)",0.0
"(0.4535751, 0.0, 0.0, -0.22807017525119316)",0.0
"(0.4535751, 0.0, 0.0, -0.22807017540379304)",0.0
"(0.47109073, 0.08, 0.1625, 1.3)",0.0
"(0.4535751, 0.0, 0.0, -0.228070175432133)",0.0
"(0.47109073, 0.0063999999999999994, 0.026406250000000003, 0.05571428571428572)",0.0
"(0.4535751, 0.0, 0.0, -0.22807017543739613)",0.0
"(0.47109073, 0.0005119999999999999, 0.004291015625000001, -0.17536734693877554)",0.0
"(1.0, 0.08, 1.3, 0.0)",1.0
"(0.71807842, 0.08, 0.65, 0.5571428571428572)",1.0
"(0.71807842, 0.0063999999999999994, 0.10562500000000001, -0.08224489795918367)",0.5
"(0.88395347, 0.08, 0.0, 0.5571428571428572)",1.0
"(0.71807842, 0.0005119999999999999, 0.017164062500000004, -0.20098833819241985)",0.5
"(0.88395347, 0.0063999999999999994, 0.0, -0.08224489795918367)",1.0
"(0.71807842, 4.0959999999999994e-05, 0.002789160156250001, -0.22304069137859228)",1.0
"(0.88395347, 0.0005119999999999999, 0.0, -0.20098833819241985)",1.0
"(0.99998345, 0.08, 0.5416666666666667, 0.18571428571428572)",0.5
"(0.99466336, 0.08, 0.89375, 0.4333333333333334)",0.5
"(0.99998345, 0.0063999999999999994, 0.08802083333333335, -0.15122448979591838)",0.5
"(0.99466336, 0.0063999999999999994, 0.145234375, -0.10523809523809524)",0.5
"(0.99998345, 0.0005119999999999999, 0.01430338541666667, -0.21379883381924197)",0.5
"(0.99466336, 0.0005119999999999999, 0.0236005859375, -0.20525850340136054)",0.5
"(0.99998345, 4.0959999999999994e-05, 0.0023243001302083338, -0.22541978342357352)",0.5
"(0.99466336, 4.0959999999999994e-05, 0.0038350952148437506, -0.22383372206025268)",0.5
"(0.99998345, 3.2767999999999993e-06, 0.00037769877115885426, -0.22757795977866369)",0.5
"(0.99466336, 3.2767999999999993e-06, 0.0006232029724121095, -0.2272834055254755)",0.5
"(0.93923611, 0.08, 1.0291666666666666, 0.18571428571428572)",0.5
"(0.99998345, 2.6214399999999994e-07, 6.137605031331382e-05, -0.2279787639588947)",0.5
"(0.99466336, 2.6214399999999994e-07, 0.0001012704830169678, -0.22792406102615975)",0.5
"(0.93923611, 0.0063999999999999994, 0.16723958333333333, -0.15122448979591838)",0.5
"(0.99998345, 2.0971519999999997e-08, 9.973608175913496e-06, -0.22805319902093757)",0.5
"(0.99466336, 2.0971519999999997e-08, 1.6456453490257268e-05, -0.22804303990485822)",0.5
"(0.93923611, 0.0005119999999999999, 0.027176432291666667, -0.21379883381924197)",0.5
"(0.99998345, 1.6777215999999996e-09, 1.620711328585943e-06, -0.22806702267531698)",0.5
"(0.99466336, 1.6777215999999996e-09, 2.6741736921668062e-06, -0.22806513598233083)",0.5
"(0.93923611, 4.0959999999999994e-05, 0.0044161702473958335, -0.22541978342357352)",0.5
"(0.99998345, 1.3421772799999996e-10, 2.633655908952158e-07, -0.228069589925416)",0.5
"(0.99466336, 1.3421772799999996e-10, 4.34553224977106e-07, -0.22806923953957575)",0.5
"(0.93923611, 3.2767999999999993e-06, 0.000717627665201823, -0.22757795977866369)",0.5
"(0.99998345, 1.0737418239999996e-11, 4.279690852047256e-08, -0.2280700667004344)",0.5
"(0.99466336, 1.0737418239999996e-11, 7.061489905877972e-08, -0.22807000162877836)",0.5
"(0.93923611, 2.6214399999999994e-07, 0.00011661449559529624, -0.2279787639588947)",0.5
"(0.99998345, 8.589934591999996e-13, 6.954497634576792e-09, -0.22807015524436638)",0.5
"(0.99466336, 8.589934591999996e-13, 1.1474921097051705e-08, -0.22807014315963028)",0.5
"(0.93923611, 2.0971519999999997e-08, 1.894985553423564e-05, -0.22805319902093757)",0.5
"(0.99998345, 6.871947673599997e-14, 1.1301058656187286e-09, -0.22807017168823948)",0.5
"(0.99466336, 6.871947673599997e-14, 1.8646746782709023e-09, -0.22807016944393138)",0.5
"(0.93923611, 1.6777215999999996e-09, 3.0793515243132917e-06, -0.22806702267531698)",0.5
"(0.99998345, 5.497558138879998e-15, 1.836422031630434e-10, -0.22807017474210162)",0.5
"(0.99466336, 5.497558138879998e-15, 3.0300963521902166e-10, -0.22807017432530155)",0.5
"(0.93923611, 1.3421772799999996e-10, 5.003946227009099e-07, -0.228069589925416)",0.5
"(0.99998345, 4.398046511103998e-16, 2.9841858013994555e-11, -0.22807017530924747)",0.5
"(0.99466336, 4.398046511103998e-16, 4.923906572309102e-11, -0.2280701752318417)",0.5
"(0.93923611, 1.0737418239999996e-11, 8.131412618889787e-08, -0.2280700667004344)",0.5
"(0.99998345, 3.5184372088831984e-17, 4.849301927274116e-12, -0.22807017541457456)",0.5
"(0.99466336, 3.5184372088831984e-17, 8.001348180002291e-12, -0.22807017540019917)",0.5
"(0.93923611, 8.589934591999996e-13, 1.3213545505695904e-08, -0.22807015524436638)",0.5
"(0.99998345, 2.8147497671065586e-18, 7.880115631820438e-13, -0.22807017543413532)",0.5
"(0.99466336, 2.8147497671065586e-18, 1.3002190792503724e-12, -0.2280701754314656)",0.5
"(0.93923611, 6.871947673599997e-14, 2.1472011446755845e-09, -0.22807017168823948)",0.5
"(0.99998345, 2.251799813685247e-19, 1.2805187901708212e-13, -0.228070175437768)",0.5
"(0.99466336, 2.251799813685247e-19, 2.1128560037818553e-13, -0.2280701754372722)",0.5
"(0.93923611, 5.497558138879998e-15, 3.489201860097825e-10, -0.22807017474210162)",0.5
"(0.99998345, 1.8014398509481974e-20, 2.0808430340275846e-14, -0.22807017543844266)",0.5
"(0.99466336, 1.8014398509481974e-20, 3.433391006145515e-14, -0.2280701754383506)",0.5
"(0.93923611, 4.398046511103998e-16, 5.669953022658966e-11, -0.22807017530924747)",0.5
"(0.99998345, 1.441151880758558e-21, 3.381369930294825e-15, -0.22807017543856795)",0.5
"(0.99466336, 1.441151880758558e-21, 5.579260384986462e-15, -0.2280701754385508)",0.5
"(0.93923611, 3.5184372088831984e-17, 9.21367366182082e-12, -0.22807017541457456)",0.5
"(0.67345564, 0.08, 0.40625, 1.1142857142857143)",1.0
"(0.67345564, 0.0063999999999999994, 0.06601562500000001, 0.021224489795918376)",1.0
"(0.67345564, 0.0005119999999999999, 0.010727539062500001, -0.18177259475218657)",1.0
"(0.67345564, 4.0959999999999994e-05, 0.0017432250976562502, -0.21947205331112038)",1.0
"(0.67345564, 3.2767999999999993e-06, 0.0002832740783691407, -0.22647338132920808)",1.0
"(0.67345564, 2.6214399999999994e-07, 4.6032037734985366e-05, -0.22777362796113867)",0.5
"(0.99466336, 0.08, 0.7312500000000001, 0.65)",0.5
"(0.10362599, 0.08, 0.89375, 1.2380952380952381)",0.0
"(0.67345564, 2.0971519999999997e-08, 7.480206131935122e-06, -0.22801510233564004)",0.5
"(0.99466336, 0.0063999999999999994, 0.11882812500000002, -0.065)",0.5
"(0.10362599, 0.0063999999999999994, 0.145234375, 0.04421768707482994)",0.0
"(0.67345564, 1.6777215999999996e-09, 1.2155334964394574e-06, -0.22805994757661885)",0.5
"(0.99466336, 0.0005119999999999999, 0.019309570312500003, -0.1977857142857143)",0.5
"(0.10362599, 0.0005119999999999999, 0.0236005859375, -0.17750242954324588)",0.0
"(0.67345564, 1.3421772799999996e-10, 1.9752419317141184e-07, -0.22806827597851495)",0.5
"(0.99466336, 4.0959999999999994e-05, 0.0031378051757812507, -0.22244591836734692)",0.5
"(0.10362599, 4.0959999999999994e-05, 0.0038350952148437506, -0.21867902262945996)",0.0
"(0.67345564, 1.0737418239999996e-11, 3.209768139035443e-08, -0.22806982268172418)",0.5
"(0.99466336, 3.2767999999999993e-06, 0.0005098933410644532, -0.22702567055393585)",0.5
"(0.10362599, 3.2767999999999993e-06, 0.0006232029724121095, -0.22632610420261398)",0.0
"(0.67345564, 8.589934591999996e-13, 5.215873225932595e-09, -0.2280701099266059)",0.5
"(0.99466336, 2.6214399999999994e-07, 8.285766792297365e-05, -0.22787619596001663)",0.5
"(0.10362599, 2.6214399999999994e-07, 0.0001012704830169678, -0.22774627649477117)",0.0
"(1.0, 0.08, 1.1375, 0.2785714285714286)",1.0
"(0.67345564, 0.08, 0.9208333333333334, 1.1142857142857143)",0.0
"(0.67345564, 0.0063999999999999994, 0.1496354166666667, 0.021224489795918376)",0.0
"(0.67345564, 0.0005119999999999999, 0.024315755208333338, -0.18177259475218657)",0.0
"(0.67345564, 4.0959999999999994e-05, 0.003951310221354167, -0.21947205331112038)",0.0
"(0.67345564, 3.2767999999999993e-06, 0.0006420879109700522, -0.22647338132920808)",0.0
"(0.67345564, 2.6214399999999994e-07, 0.00010433928553263349, -0.22777362796113867)",0.0
"(0.67345564, 2.0971519999999997e-08, 1.695513389905294e-05, -0.22801510233564004)",0.0
"(0.84387382, 0.08, 0.0, 0.9285714285714286)",1.0
"(0.67345564, 1.6777215999999996e-09, 2.755209258596103e-06, -0.22805994757661885)",0.0
"(0.84387382, 0.0063999999999999994, 0.0, -0.013265306122448974)",1.0
"(0.67345564, 1.3421772799999996e-10, 4.477215045218668e-07, -0.22806827597851495)",0.0
"(0.84387382, 0.0005119999999999999, 0.0, -0.18817784256559766)",1.0
"(0.67345564, 1.0737418239999996e-11, 7.275474448480336e-08, -0.22806982268172418)",0.0
"(0.84387382, 4.0959999999999994e-05, 0.0, -0.220661599333611)",1.0
"(0.67345564, 8.589934591999996e-13, 1.1822645978780547e-08, -0.2280701099266059)",0.0
"(0.84387382, 3.2767999999999993e-06, 0.0, -0.22669429701909918)",1.0
"(0.67345564, 6.871947673599997e-14, 1.921179971551839e-09, -0.22807016327208393)",0.0
"(0.84387382, 2.6214399999999994e-07, 0.0, -0.22781465516068988)",1.0
"(0.67345564, 5.497558138879998e-15, 3.1219174537717384e-10, -0.2280701731791013)",0.0
"(0.84387382, 2.0971519999999997e-08, 0.0, -0.22802272167269957)",1.0
"(0.47109073, 0.48, 0.0, 1.3)",1.0
"(0.67345564, 4.398046511103998e-16, 5.073115862379075e-11, -0.22807017501897595)",0.0
"(0.84387382, 1.6777215999999996e-09, 0.0, -0.22806136259635848)",0.0
"(0.47109073, 0.0384, 0.0, 0.05571428571428572)",1.0
"(0.67345564, 3.5184372088831984e-17, 8.243813276365997e-12, -0.22807017536066698)",0.0
"(0.84387382, 1.3421772799999996e-10, 0.0, -0.22806853876789515)",0.0
"(0.47109073, 0.0030719999999999996, 0.0, -0.17536734693877554)",1.0
"(0.67345564, 2.8147497671065586e-18, 1.3396196574094747e-12, -0.2280701754241239)",0.0
"(0.84387382, 1.0737418239999996e-11, 0.0, -0.22806987148546623)",0.0
"(0.47109073, 0.0002457599999999999, 0.0, -0.21828250728862975)",1.0
"(0.4535751, 0.0, 2.1220160137020373e-18, -0.22807017543859645)",1.0
"(0.67345564, 2.251799813685247e-19, 2.1768819432903965e-13, -0.2280701754359087)",0.0
"(0.84387382, 8.589934591999996e-13, 0.0, -0.22807011899015803)",0.0
"(0.47109073, 1.9660799999999993e-05, 0.0, -0.22625246563931695)",1.0
"(0.4535751, 0.0, 3.4482760222658107e-19, -0.22807017543859653)",1.0
"(0.67345564, 1.8014398509481974e-20, 3.5374331578468945e-14, -0.22807017543809732)",0.0
"(0.84387382, 6.871947673599997e-14, 0.0, -0.22807016495531504)",0.0
"(0.47109073, 1.5728639999999994e-06, 0.0, -0.22773260076158747)",1.0
"(0.4535751, 0.0, 5.603448536181943e-20, -0.22807017543859653)",1.0
"(0.67345564, 1.441151880758558e-21, 5.748328881501204e-15, -0.2280701754385038)",0.0
"(0.84387382, 5.497558138879998e-15, 0.0, -0.22807017349170133)",0.0
"(0.47109073, 1.2582911999999994e-07, 0.0, -0.22800748299858054)",1.0
"(0.4535751, 0.32, 0.0, 0.37142857142857144)",1.0
"(0.4535751, 0.025599999999999998, 0.0, -0.11673469387755102)",1.0
"(0.4535751, 0.0020479999999999995, 0.0, -0.20739358600583094)",1.0
"(0.4535751, 0.00016383999999999998, 0.0, -0.2242302374010829)",1.0
"(0.4535751, 1.3107199999999997e-05, 0.0, -0.22735704408877255)",1.0
"(0.4535751, 1.0485759999999998e-06, 0.0, -0.22793773675934348)",1.0
"(0.4535751, 8.388607999999999e-08, 0.0, -0.22804557968387812)",1.0
"(0.4535751, 6.710886399999998e-09, 0.0, -0.22806560765557737)",1.0
"(0.4535751, 5.368709119999998e-10, 0.0, -0.22806932713603578)",1.0
"(0.4535751, 4.2949672959999985e-11, 0.0, -0.22807001789669235)",1.0
"(0.4535751, 3.4359738367999986e-12, 0.0, -0.2280701461808143)",1.0
"(0.4535751, 2.748779069439999e-13, 0.0, -0.22807017000500837)",1.0
"(0.4535751, 2.199023255551999e-14, 0.0, -0.22807017442950153)",1.0
"(0.4535751, 1.7592186044415992e-15, 0.0, -0.22807017525119316)",1.0
"(0.4535751, 1.4073748835532794e-16, 0.0, -0.22807017540379304)",1.0
"(0.4535751, 1.1258999068426234e-17, 0.0, -0.228070175432133)",1.0
"(0.4535751, 9.007199254740987e-19, 0.0, -0.22807017543739613)",1.0
"(0.4535751, 7.20575940379279e-20, 0.0, -0.22807017543837357)",1.0
"(0.4535751, 5.764607523034232e-21, 0.0, -0.2280701754385551)",1.0
"(0.4535751, 4.611686018427385e-22, 0.0, -0.2280701754385888)",1.0
"(0.4535751, 3.6893488147419075e-23, 0.0, -0.2280701754385951)",1.0
"(0.4535751, 2.951479051793526e-24, 0.0, -0.22807017543859623)",1.0
"(0.4535751, 2.3611832414348204e-25, 0.0, -0.22807017543859645)",1.0
"(0.4535751, 1.8889465931478563e-26, 0.0, -0.22807017543859653)",1.0
"(0.4535751, 1.511157274518285e-27, 0.0, -0.22807017543859653)",1.0
"(0.27437553, 0.08, 0.0, 1.0214285714285714)",0.0
"(0.4535751, 1.208925819614628e-28, 0.0, -0.22807017543859653)",1.0
"(0.27437553, 0.0063999999999999994, 0.0, 0.00397959183673468)",0.0
"(0.4535751, 9.671406556917024e-30, 0.0, -0.22807017543859653)",1.0
"(0.27437553, 0.0005119999999999999, 0.0, -0.18497521865889213)",0.0
"(0.4535751, 7.737125245533618e-31, 0.0, -0.22807017543859653)",1.0
"(0.27437553, 4.0959999999999994e-05, 0.0, -0.2200668263223657)",0.0
"(0.4535751, 6.189700196426894e-32, 0.0, -0.22807017543859653)",1.0
"(0.27437553, 3.2767999999999993e-06, 0.0, -0.22658383917415365)",0.0
"(0.4535751, 0.39999999999999997, 0.48750000000000004, 0.37142857142857144)",1.0
"(0.4535751, 0.031999999999999994, 0.07921875, -0.11673469387755102)",1.0
"(0.15200617, 0.08, 0.325, 0.37142857142857144)",0.0
"(0.4535751, 0.0025599999999999993, 0.012873046875, -0.20739358600583094)",1.0
"(0.15200617, 0.0063999999999999994, 0.052812500000000005, -0.11673469387755102)",0.0
"(0.4535751, 0.00020479999999999994, 0.0020918701171875, -0.2242302374010829)",1.0
"(0.15200617, 0.0005119999999999999, 0.008582031250000002, -0.20739358600583094)",0.0
"(0.4535751, 1.6383999999999994e-05, 0.0003399288940429688, -0.22735704408877255)",1.0
"(0.15200617, 4.0959999999999994e-05, 0.0013945800781250005, -0.2242302374010829)",0.0
"(0.4535751, 1.3107199999999995e-06, 5.523844528198243e-05, -0.22793773675934348)",1.0
"(0.15200617, 3.2767999999999993e-06, 0.00022661926269531259, -0.22735704408877255)",0.0
"(0.4535751, 1.0485759999999995e-07, 8.976247358322146e-06, -0.22804557968387812)",1.0
"(0.15200617, 2.6214399999999994e-07, 3.6825630187988294e-05, -0.22793773675934348)",0.0
"(0.4535751, 8.388607999999996e-09, 1.4586401957273488e-06, -0.22806560765557737)",1.0
"(0.15200617, 2.0971519999999997e-08, 5.984164905548098e-06, -0.22804557968387812)",0.0
"(0.4535751, 6.710886399999996e-10, 2.370290318056942e-07, -0.22806932713603578)",1.0
"(0.15200617, 1.6777215999999996e-09, 9.72426797151566e-07, -0.22806560765557737)",0.0
"(0.4535751, 5.3687091199999966e-11, 3.851721766842531e-08, -0.22807001789669235)",1.0
"(0.15200617, 1.3421772799999996e-10, 1.580193545371295e-07, -0.22806932713603578)",0.0
"(0.99466336, 0.08, 0.9750000000000001, 0.37142857142857144)",1.0
"(0.4535751, 4.294967295999997e-12, 6.259047871119113e-09, -0.2280701461808143)",1.0
"(0.15200617, 1.0737418239999996e-11, 2.5678145112283544e-08, -0.22807001789669235)",0.0
"(0.99466336, 0.0063999999999999994, 0.1584375, -0.11673469387755102)",1.0
"(0.97529981, 0.08, 1.1375, 0.37142857142857144)",1.0
"(0.97529981, 0.0063999999999999994, 0.18484375, -0.11673469387755102)",1.0
"(0.99821685, 0.08, 0.8125, 0.18571428571428572)",1.0
"(0.97529981, 0.0005119999999999999, 0.030037109375000003, -0.20739358600583094)",1.0
"(0.99821685, 0.0063999999999999994, 0.13203125000000002, -0.15122448979591838)",0.5
"(0.97529981, 4.0959999999999994e-05, 0.004881030273437501, -0.2242302374010829)",0.5
"(0.99821685, 0.0005119999999999999, 0.021455078125000002, -0.21379883381924197)",0.5
"(0.97529981, 3.2767999999999993e-06, 0.0007931674194335939, -0.22735704408877255)",1.0
"(0.99821685, 4.0959999999999994e-05, 0.0034864501953125004, -0.22541978342357352)",0.5
"(0.97529981, 2.6214399999999994e-07, 0.00012888970565795902, -0.22793773675934348)",1.0
"(0.97299383, 0.08, 0.8125, 0.6190476190476191)",1.0
"(0.97529981, 2.0971519999999997e-08, 2.0944577169418343e-05, -0.22804557968387812)",1.0
"(0.97299383, 0.0063999999999999994, 0.13203125000000002, -0.0707482993197279)",1.0
"(0.97529981, 1.6777215999999996e-09, 3.4034937900304807e-06, -0.22806560765557737)",1.0
"(0.97299383, 0.0005119999999999999, 0.021455078125000002, -0.1988532555879495)",0.5
"(0.67345564, 0.08, 0.8125, 1.2071428571428573)",1.0
"(0.97529981, 1.3421772799999996e-10, 5.530677408799531e-07, -0.22806932713603578)",1.0
"(0.97299383, 4.0959999999999994e-05, 0.0034864501953125004, -0.22264417603776204)",1.0
"(0.67345564, 0.0063999999999999994, 0.13203125000000002, 0.03846938775510207)",1.0
"(0.97299383, 0.08, 0.7312500000000001, 0.49523809523809526)",0.5
"(0.93923611, 0.32, 0.5958333333333333, 0.680952380952381)",0.5
"(0.97299383, 0.0063999999999999994, 0.11882812500000002, -0.09374149659863946)",0.5
"(0.93923611, 0.025599999999999998, 0.09682291666666668, -0.0592517006802721)",0.5
"(0.4636536, 0.08, 0.0, 0.9285714285714286)",0.0
"(0.97299383, 0.0005119999999999999, 0.019309570312500003, -0.2031234207968902)",0.5
"(0.93923611, 0.0020479999999999995, 0.015733723958333334, -0.19671817298347916)",0.5
"(0.4636536, 0.0063999999999999994, 0.0, -0.013265306122448974)",0.0
"(0.97299383, 4.0959999999999994e-05, 0.0031378051757812507, -0.22343720671942247)",0.5
"(0.93923611, 0.00016383999999999998, 0.002556730143229167, -0.22224766069693186)",0.5
"(0.4636536, 0.0005119999999999999, 0.0, -0.18817784256559766)",0.0
"(0.97299383, 3.2767999999999993e-06, 0.0005098933410644532, -0.22720976696217848)",0.5
"(0.93923611, 1.3107199999999997e-05, 0.00041546864827473966, -0.22698885127228735)",0.5
"(0.4636536, 4.0959999999999994e-05, 0.0, -0.220661599333611)",0.0
"(0.97299383, 2.6214399999999994e-07, 8.285766792297365e-05, -0.227910385292976)",0.5
"(0.93923611, 1.0485759999999998e-06, 6.75136553446452e-05, -0.2278693580934248)",0.5
"(0.4636536, 3.2767999999999993e-06, 0.0, -0.22669429701909918)",0.0
"(0.97299383, 2.0971519999999997e-08, 1.3464371037483219e-05, -0.2280405001258384)",0.5
"(0.93923611, 8.388607999999999e-08, 1.0970968993504845e-05, -0.22803288078877892)",0.5
"(0.4636536, 2.6214399999999994e-07, 0.0, -0.22781465516068988)",0.0
"(0.97299383, 1.6777215999999996e-09, 2.187960293591023e-06, -0.2280646643090843)",0.5
"(0.93923611, 6.710886399999998e-09, 1.7827824614445374e-06, -0.22806324928934468)",0.5
"(0.4636536, 2.0971519999999997e-08, 0.0, -0.22802272167269957)",0.0
"(0.97299383, 1.3421772799999996e-10, 3.555435477085413e-07, -0.22806915194311567)",0.5
"(0.93923611, 5.368709119999998e-10, 2.8970214998473734e-07, -0.22806888915373547)",0.5
"(0.4636536, 1.6777215999999996e-09, 0.0, -0.22806136259635848)",0.0
"(0.77854938, 0.0, 0.7041666666666666, 0.18571428571428572)",1.0
"(0.97299383, 1.0737418239999996e-11, 5.777582650263796e-08, -0.22806998536086434)",0.5
"(0.93923611, 4.2949672959999985e-11, 4.7076599372519816e-08, -0.2280699365571223)",0.5
"(0.4636536, 1.3421772799999996e-10, 0.0, -0.22806853876789515)",0.0
"(0.77854938, 0.0, 0.11442708333333333, -0.15122448979591838)",0.5
"(0.97299383, 8.589934591999996e-13, 9.38857180667867e-09, -0.22807014013844626)",0.5
"(0.93923611, 3.4359738367999986e-12, 7.64994739803447e-09, -0.22807013107489416)",0.5
"(0.4636536, 1.0737418239999996e-11, 0.0, -0.22806987148546623)",0.0
"(0.77854938, 0.0, 0.018594401041666667, -0.21379883381924197)",0.5
"(0.7428305, 0.24, 0.48750000000000004, 0.37142857142857144)",0
"(0.7428305, 0.0192, 0.07921875, -0.11673469387755102)",0
"(0.7428305, 0.0015359999999999998, 0.012873046875, -0.20739358600583094)",0
"(0.83796296, 0.08, 0.325, 0.0)",1
"(0.7428305, 0.00012287999999999996, 0.0020918701171875, -0.2242302374010829)",0
"(0.83796296, 0.0063999999999999994, 0.052812500000000005, -0.18571428571428572)",1
"(0.7428305, 9.830399999999997e-06, 0.0003399288940429688, -0.22735704408877255)",0
"(0.83796296, 0.0005119999999999999, 0.008582031250000002, -0.22020408163265306)",1
"(0.7428305, 7.864319999999997e-07, 5.523844528198243e-05, -0.22793773675934348)",0
"(0.83796296, 4.0959999999999994e-05, 0.0013945800781250005, -0.22660932944606416)",1
"(0.7428305, 6.291455999999997e-08, 8.976247358322146e-06, -0.22804557968387812)",0
"(0.83796296, 3.2767999999999993e-06, 0.00022661926269531259, -0.22779887546855476)",1
"(0.7428305, 5.033164799999997e-09, 1.4586401957273488e-06, -0.22806560765557737)",0
"(0.83796296, 2.6214399999999994e-07, 3.6825630187988294e-05, -0.22801979115844587)",1
"(0.7428305, 4.0265318399999977e-10, 2.370290318056942e-07, -0.22806932713603578)",0
"(0.83796296, 2.0971519999999997e-08, 5.984164905548098e-06, -0.2280608183579971)",1
"(0.7428305, 3.221225471999998e-11, 3.851721766842531e-08, -0.22807001789669235)",0
"(0.83796296, 1.6777215999999996e-09, 9.72426797151566e-07, -0.2280684376950566)",1
"(0.7428305, 2.5769803775999983e-12, 6.259047871119113e-09, -0.2280701461808143)",0
"(0.83796296, 1.3421772799999996e-10, 1.580193545371295e-07, -0.2280698527147962)",1
"(0.7428305, 2.0615843020799987e-13, 1.017095279056856e-09, -0.22807017000500837)",0
"(0.83796296, 1.0737418239999996e-11, 2.5678145112283544e-08, -0.22807011550417644)",1
"(0.84387382, 0.08, 1.3, 0.9285714285714286)",1
